id,smile,can_smiles
1,CC1=C(C)C=C(C=C1)NC(=O)C2=C(F)C=CC(F)=C2,CC1C=C(C=CC=1C)NC(=O)C1C=C(F)C=CC=1F
2,OB(O)C1=CC2C(=CC=C(F)C=2)N=C1,OB(O)C1C=NC2=CC=C(F)C=C2C=1
3,OCC(O)CN(c1sc(S)nn1)c2c(Cl)nc(Cl)nc2,OCC(O)CN(c1c[n]c(Cl)[n]c1Cl)c1[n][n]c(S)[s]1
4,OC(=O)COC1=C(Br)C=C(C=C1Br)/C=C2C(=O)NC(=O)N\2,OC(=O)COC1C(Br)=CC(=CC=1Br)/C=C1/NC(=O)NC/1=O
5,CN[C@@H]1CN(CCCC1)C(=O)OCC2=CC=CC=C2,CN[C@@H]1CN(CCCC1)C(=O)OCC1C=CC=CC=1
6,Cl.Cl.N1CCN(CC1)CC2SC3C(=CC=CC=3)N=2,Cl.Cl.C(C1=NC2=CC=CC=C2S1)N1CCNCC1
7,FC1=CC=C(C=C1)CS(=O)(=O)N2C(C)CN(CC2)C(=O)OC(C)(C)C,CC(C)(C)OC(=O)N1CC(C)N(CC1)S(=O)(=O)CC1C=CC(F)=CC=1
8,COCC(C)N1C(COC2C(F)=CC=CC=2)=NN=C1S,COCC(C)N1C(COC2=CC=CC=C2F)=NN=C1S
9,OCC1CC2(CC(=O)C2)C1,OCC1CC2(C1)CC(=O)C2
10,CC(C)CN(S(=O)(C)=O)N1C(=S)SCC1=O,CS(=O)(=O)N(CC(C)C)N1C(=S)SCC1=O
11,FC1=CC=C(C=C1)C(=O)[C@H]2[C@]3(C4=C(C=CC=C4)NC3=O)[C@]5([H])N(C6=C(C=C(C)C=C6)C=C5)[C@@H]2C(=O)C7=CC=CC=C7,CC1=CC2C=C[C@H]3N([C@@H]([C@@H](C(=O)C4C=CC(F)=CC=4)[C@@]43C3C=CC=CC=3NC4=O)C(=O)C3C=CC=CC=3)C=2C=C1
12,Cc1ccc(cc1)S(=O)(=O)c2c(=O)nc(=S)nc2,Cc1ccc(cc1)S(=O)(=O)c1c[nH]c(=S)[nH]c1=O
13,N#CC1C(SC)=NC(=CC=1)C2CC2,CSC1=NC(=CC=C1C#N)C1CC1
14,NC1=CN(N=C1)CCN2C(=O)C3=C(C=CC=C3)C2=O,NC1=CN(CCN2C(=O)C3C=CC=CC=3C2=O)N=C1
15,O=C(CCCCCNC(=O)CCCC[C@H]1[C@@H]2[C@H](CS1)NC(=O)N2)NCCCC[C@@H](C(=O)NCCSS(=O)(C)=O)NC(=O)C3=C(F)C(F)=C(N=[N+]=[N-])C(F)=C3F,CS(=O)(=O)SCCNC(=O)[C@H](CCCCNC(=O)CCCCCNC(=O)CCCC[C@@H]1SC[C@@H]2NC(=O)N[C@@H]21)NC(=O)C1C(F)=C(F)C(N=[N+]=[N-])=C(F)C=1F
16,CC1C=C2C(=CC=1C)N=C(C3OC=CC=3)N2,CC1C=C2N=C(NC2=CC=1C)C1=CC=CO1
17,OCCCN(CCNC(C)=O)S(=O)(C)=O,CC(=O)NCCN(CCCO)S(C)(=O)=O
18,CCCNC(C1C=NC=CC=1)C2C(F)=CC(F)=CC=2,CCCNC(C1=CC=C(F)C=C1F)C1C=NC=CC=1
19,CC1N=C(ON=1)C2C=NC(=CC=2)N3CC(CCC3)C(=O)N4CCSCC4,CC1=NOC(=N1)C1C=NC(=CC=1)N1CC(CCC1)C(=O)N1CCSCC1
20,ClC1C=C(C=CC=1)C(=O)NC2=NC(=NN2)C(F)(F)F,O=C(NC1NN=C(N=1)C(F)(F)F)C1=CC(Cl)=CC=C1
21,CC(=O)OC[C@@H]1[C@](CC(=O)[O-])(OC(C)=O)[C@H](OC(C)=O)[C@H](O)C(F)O1,CC(=O)O[C@@H]1[C@H](O)C(F)O[C@H](COC(C)=O)[C@]1(CC([O-])=O)OC(C)=O
22,Br.NC1SC(=C(C)N=1)CC2C(F)=C(Cl)C=CC=2,Br.CC1N=C(N)SC=1CC1=CC=CC(Cl)=C1F
23,COC1C=C(OC)C(=CC=1)C(=O)C2=NC=C(C)C=C2,CC1C=CC(=NC=1)C(=O)C1=CC=C(C=C1OC)OC
24,BrCC(=O)NCCN1CCCCCC1,O=C(CBr)NCCN1CCCCCC1
25,OC(=O)C(O)=O.C1CN(CC1)CC#CCON2C(=O)C3C(=CC=CC=3)C2=O,OC(=O)C(O)=O.O=C1C2=CC=CC=C2C(=O)N1OCC#CCN1CCCC1
26,COC(=O)C(C)=P(C1=CC=CC=C1)(C2=CC=CC=C2)C3=CC=CC=C3,CC(C(=O)OC)=P(C1C=CC=CC=1)(C1C=CC=CC=1)C1C=CC=CC=1
27,ClCCCc1ccc(OCc2ccccc2)cc1,ClCCCc1ccc(cc1)OCc1ccccc1
28,CCOC(=O)C(/C#N)=N/OC(=[N+](C)C)N1CCOCC1.F[P-](F)(F)(F)(F)F,CCOC(=O)/C(/C#N)=N/OC(N1CCOCC1)=[N+](C)C.F[P-](F)(F)(F)(F)F
29,CCOC1C(=CC=CC=1)C(=O)N2CCOCC2,CCOC1=CC=CC=C1C(=O)N1CCOCC1
30,BrC1C=C2C(=NC=1)N=C(Cl)C(N)=C2,NC1=CC2=CC(Br)=CN=C2N=C1Cl
31,O=[N+]([O-])C1=C(N)C=C(C)C(N)=C1,CC1=CC(N)=C(C=C1N)[N+]([O-])=O
32,CCOC(=O)C1C=C(C(F)=CC=1)S(=O)(=O)F,CCOC(=O)C1=CC=C(F)C(=C1)S(=O)(=O)F
33,O=C1c2c(cccc2)CCC1Cc3sccn3,O=C1C(Cc2[n]cc[s]2)CCc2ccccc21
34,N#C/C=C/C1=CC(C)=C(OC2N=C(N=CC=2)NC3=CC=C(C=C3)CN4CCS(=O)(=O)CC4)C(C)=C1,CC1C=C(C=C(C)C=1OC1=CC=NC(NC2=CC=C(CN3CCS(=O)(=O)CC3)C=C2)=N1)/C=C/C#N
35,[H]Cl.COCC(N)=N,Cl.COCC(N)=N
36,NC(=[NH2+])NCCC[C@@H](NC(C)=O)C(=O)[O-],CC(=O)N[C@H](CCCNC(N)=[NH2+])C([O-])=O
37,CCCCCCCCCCCC(=O)NCCOC(=O)\C=C/C(O)=O,CCCCCCCCCCCC(=O)NCCOC(=O)/C=C\C(O)=O
38,CCCNC(=O)C1=CC(OC)=C(C=C1)B2OC(C)(C)C(C)(C)O2,COC1C=C(C=CC=1B1OC(C)(C)C(C)(C)O1)C(=O)NCCC
39,C(CCCCN1[C@H](CO)[C@@H](O)[C@H](O)[C@@H](O)C1)COCC(F)(F)F,OC[C@@H]1[C@@H](O)[C@H](O)[C@@H](O)CN1CCCCCCOCC(F)(F)F
40,CC(C)(C)OC(=O)N(C)CCOC1C(F)=CC(Br)=CC=1,CN(CCOC1=CC=C(Br)C=C1F)C(=O)OC(C)(C)C
41,CC(=O)C(C)C1C=C(Cl)C=CC=1,CC(=O)C(C)C1C=C(Cl)C=CC=1
42,NCCCC(=O)N[C@@H](C)C(O)=O,C[C@H](NC(=O)CCCN)C(O)=O
43,CC(=C)[N+](=O)[O-],CC(=C)[N+]([O-])=O
44,NCCCSC1=C2C(C=CC(OC)=C2)=NC3C1=CC(Cl)=CC=3,COC1=CC2=C(SCCCN)C3=CC(Cl)=CC=C3N=C2C=C1
45,FC(F)(F)SCC(=O)NC1CCCC1,O=C(CSC(F)(F)F)NC1CCCC1
46,CC1C=C(N)C=NC=1,CC1C=C(N)C=NC=1
47,COC(=O)CCC1C(=NNC=1)C2=CSC=C2,COC(=O)CCC1=CNN=C1C1C=CSC=1
48,CCOC(=O)[C@@H]1CN(C)CCC1,CCOC(=O)[C@@H]1CN(C)CCC1
49,Cl.C1=CC=C(C=C1)CCNCC2=CC=CC=C2,Cl.C(NCCC1C=CC=CC=1)C1C=CC=CC=1
50,O=CC1OC(=CC=1)C2=C([N+](=O)[O-])C=C(Cl)C=C2,[O-][N+](=O)C1C=C(Cl)C=CC=1C1=CC=C(C=O)O1
51,Clc1ccc(cc1)N(CC)c2cc(Cl)cc(Cl)c2,CCN(c1ccc(Cl)cc1)c1cc(Cl)cc(Cl)c1
52,[H]Cl.CC1=C(SC=C1)C(=O)N[C@@H]2CNCC2,Cl.CC1C=CSC=1C(=O)N[C@@H]1CNCC1
53,CCCCCCCCN(CCc1ccccc1)c2c(F)cc(F)cc2,CCCCCCCCN(CCc1ccccc1)c1ccc(F)cc1F
54,CC(=O)NCCN(c1cc([N+](=O)[O-])ccc1)c2c(F)cccc2F,CC(=O)NCCN(c1c(F)cccc1F)c1cc(ccc1)[N+]([O-])=O
55,OCCN(C(C)(C)C)c1sc(=S)nn1,CC(C)(C)N(CCO)c1[n][nH]c(=S)[s]1
56,BrCCC(C)N(C(=O)c1ccc([N+](=O)[O-])cc1)c2nc(cs2)c3ccccc3,CC(CCBr)N(c1[n]c(c[s]1)-c1ccccc1)C(=O)c1ccc(cc1)[N+]([O-])=O
57,CCOC(=O)C1=C(C)C(C)=C(C)N1,CC1=C(NC(C)=C1C)C(=O)OCC
58,COC(=O)C1C=NC(=CC=1)OC2=C(Cl)C=C(C=C2)C(F)(F)F,COC(=O)C1=CC=C(N=C1)OC1C=CC(=CC=1Cl)C(F)(F)F
59,CCCOC1=C(C=CC=C1)C(=O)C(N)(C)C2CC2,CCCOC1C=CC=CC=1C(=O)C(C)(N)C1CC1
60,CC(=O)C1C=C(C=CC=1)NC(=O)C2C(Cl)=CC(Cl)=CC=2,CC(=O)C1C=C(C=CC=1)NC(=O)C1=CC=C(Cl)C=C1Cl
61,FC(F)C1=C(C=CS1)C(N)=S,NC(=S)C1C=CSC=1C(F)F
62,O/N=C/C1N(C=CC=1)C2=CC=CC=C2,O/N=C/C1=CC=CN1C1C=CC=CC=1
63,Clc1cnc(cc1)N(c2scnc2)S(=O)(=O)CC,CCS(=O)(=O)N(c1c[n]c[s]1)c1ccc(Cl)c[n]1
64,OC(=O)CC[C@](C(O)=O)([H])NC(=O)C1=CC=C(C=C1)N(C)CC2=NC3C(N=C2)=NC(=N)NC=3N,CN(CC1C=NC2=NC(=N)NC(N)=C2N=1)C1C=CC(=CC=1)C(=O)N[C@@H](CCC(O)=O)C(O)=O
65,C1=CC=C(C=C1)C(C2=CC=CC=C2)N3CC4(C(O)CC4)C3,OC1CCC21CN(C2)C(C1=CC=CC=C1)C1=CC=CC=C1
66,NC(=O)CN(C(=O)C(C)C)c1ccc(cc1)S(=O)(N)=O,CC(C)C(=O)N(CC(N)=O)c1ccc(cc1)S(N)(=O)=O
67,COC(=O)N(CCNc1c2c(cccc2)ccc1)C(=O)CCl,COC(=O)N(CCNc1cccc2ccccc21)C(=O)CCl
68,CCOC(=O)C1=NN(N=N1)C(C)(C)C,CC(C)(C)N1N=C(N=N1)C(=O)OCC
69,CCC1CC(C(O)=O)(C#N)C1,CCC1CC(C1)(C#N)C(O)=O
70,CCOC1=CC=C(C=C1)C(=O)C2=C(F)C=CC(Cl)=C2,CCOC1C=CC(=CC=1)C(=O)C1C=C(Cl)C=CC=1F
71,CCCCCCCC(=O)C1=CC=C(CCOC(C)=O)C=C1,CC(=O)OCCC1C=CC(=CC=1)C(=O)CCCCCCC
72,COC(=O)CN(Cc1ccc([N+](=O)[O-])cc1)c2nnc(cc2)c3ccc(OC)cc3,COc1ccc(cc1)-c1ccc([n][n]1)N(CC(=O)OC)Cc1ccc(cc1)[N+]([O-])=O
73,OC(=O)CCN(C(=O)OC)c1sccn1,COC(=O)N(CCC(O)=O)c1[n]cc[s]1
74,CCC(C)CN1CCN(CC1)c2ccc(F)cc2,CCC(C)CN1CCN(CC1)c1ccc(F)cc1
75,CC1=NC2(CCN(CC2)C(=O)OC(C)(C)C)C(=O)N1,CC(C)(C)OC(=O)N1CCC2(CC1)N=C(C)NC2=O
76,CC(C)(C)OOC(C)(C)C1=CC(=CC(=C1)C(C)(C)OOC(C)(C)C)C(C)(C)OOC(C)(C)C,CC(C)(C)OOC(C)(C)C1C=C(C=C(C=1)C(C)(C)OOC(C)(C)C)C(C)(C)OOC(C)(C)C
77,OCCN(C(C)C)CC1=C(Cl)C=CC=C1Cl,CC(C)N(CCO)CC1C(Cl)=CC=CC=1Cl
78,CCCCCCCCCCCCCCCCN(CCC(C)C)CCCN1CCOCC1,CCCCCCCCCCCCCCCCN(CCCN1CCOCC1)CCC(C)C
79,OC1CCN(CC1)S(=O)(=O)C2=C(C)C=C(Br)C=C2C,CC1C=C(Br)C=C(C)C=1S(=O)(=O)N1CCC(O)CC1
80,Cl.COC1=CC=C(C=C1)[1C@H]2[1C@H](N)C2,Cl.COC1C=CC(=CC=1)[1C@@H]1C[1C@H]1N
81,CCS(=O)(=O)N(c1ccccc1)S(=O)(=O)C=C,CCS(=O)(=O)N(c1ccccc1)S(=O)(=O)C=C
82,ClCCCCN(C(=O)c1ccccc1)c2ccc(OC)cc2,COc1ccc(cc1)N(CCCCCl)C(=O)c1ccccc1
83,CC(C)CC(N)c1n(C)c2c(cccc2)n1,CC(C)CC(N)c1[n]c2ccccc2[n]1C
84,BrCCN(c1ccccc1)c2cc([N+](=O)[O-])ccc2,[O-][N+](=O)c1cc(ccc1)N(CCBr)c1ccccc1
85,CC1=CC=C(C=C1)C2=NC(=S)NN2,CC1C=CC(=CC=1)C1NNC(=S)N=1
86,Brc1ccc(cc1)N(CC(=O)c2ccccc2)c3ccccc3,O=C(CN(c1ccccc1)c1ccc(Br)cc1)c1ccccc1
87,CC1=CC(=CC(C)=C1)NC(=O)C2=CC=C(C=C2)NC3SC4C(N=3)CS(=O)(=O)C4,CC1=CC(=CC(C)=C1)NC(=O)C1C=CC(=CC=1)NC1=NC2CS(=O)(=O)CC2S1
88,Cl.NCC1(Br)C(F)(F)C1,Cl.NCC1(Br)CC1(F)F
89,CN(C)Cc1oc(CSCCN(c2scnc2)c3c(Cl)nc(Cl)nc3)cc1,CN(C)Cc1ccc(CSCCN(c2c[n]c[s]2)c2c[n]c(Cl)[n]c2Cl)o1
90,CCOC(=O)c1c(cccc1)N(CC)CCO,CCN(CCO)c1ccccc1C(=O)OCC
91,CC1=CC(=C(C)N1)C(=O)NC2CCCC2,CC1=CC(C(=O)NC2CCCC2)=C(C)N1
92,O.O.[Na].OCCOCN1C2=C(N=C1)C(=O)N([H])C(N)=N2,O.O.[Na].NC1NC(=O)C2N=CN(COCCO)C=2N=1
93,C1=CC=C(C=C1)CNC2C3C(=CC=CC=3C(O)=O)NC(=O)N=2,OC(=O)C1C=CC=C2NC(=O)N=C(NCC3C=CC=CC=3)C2=1
94,Cl.CCN(CC)CCc1c2c(ccc(Cl)c2)nc1,Cl.CCN(CCc1c[nH]c2ccc(Cl)cc12)CC
95,Cl.NC1C=C(ON=1)C2SC=CC=2,Cl.NC1C=C(ON=1)C1=CC=CS1
96,CCC(C)NC(C1=CC=CC=C1)C(=O)C2C3=C(NC=2)C(CC)=CC=C3,CC(CC)NC(C(=O)C1=CNC2C(CC)=CC=CC1=2)C1C=CC=CC=1
97,O=CC1C(Cl)=CC(F)=NC=1,O=CC1=CN=C(F)C=C1Cl
98,BrC1C=C(C(Cl)=CC=1)C(=O)C2=CC=C(O[C@@H]3COCC3)C=C2,O=C(C1=CC(Br)=CC=C1Cl)C1C=CC(=CC=1)O[C@@H]1COCC1
99,OC1=CC=C(C=C1)/C=C2/C(=O)N(C3=C(OC)C=CC=C3)\C(=N\C4=C(OC)C=CC=C4)S2,COC1C=CC=CC=1/N=C1\S/C(=C\C2C=CC(O)=CC=2)/C(=O)N\1C1C=CC=CC=1OC
100,CCCCOC(=O)CN(CCCC)Cc1ccccc1,CCCCOC(=O)CN(Cc1ccccc1)CCCC
101,Cl.CC1=CC(=CC=C1)N2C(=O)CCC2,Cl.CC1=CC(=CC=C1)N1CCCC1=O
102,CC(C)CCOC(=O)CN(c1c(C)cccc1)c2ccc(cc2)S(=O)(=O)Nc3nc(C)ccn3,Cc1cc[n]c(NS(=O)(=O)c2ccc(cc2)N(CC(=O)OCCC(C)C)c2ccccc2C)[n]1
103,c1ncc(cc1)c2sc(C(=O)Nc3cc(ccc3)C(F)(F)F)c(C)n2,Cc1[n]c([s]c1C(=O)Nc1cc(ccc1)C(F)(F)F)-c1c[n]ccc1
104,BrCC1=C(C=CC=C1Br)C(O)=O,OC(=O)C1C=CC=C(Br)C=1CBr
105,NCc1ccc(cc1)S(=O)(=O)N2CCCCC2,NCc1ccc(cc1)S(=O)(=O)N1CCCCC1
106,CCOC(=O)C1C2C(=NC=C(Br)N=2)NC=1,CCOC(=O)C1=CNC2=NC=C(Br)N=C12
107,COCC1CCN(CC1)S(=O)(N)=O,COCC1CCN(CC1)S(N)(=O)=O
108,O=C(OCC1=CC=CC=C1)NC2COCCC2,O=C(NC1CCCOC1)OCC1C=CC=CC=1
109,OCCCCN(c1ccc(cc1)c2ocnn2)C(C(F)(F)F)(F)C(F)(F)F,OCCCCN(c1ccc(cc1)-c1[n][n]co1)C(F)(C(F)(F)F)C(F)(F)F
110,BrC1C2=C(C=CC=1)C(=CN2C)B3OC(C)(C)C(C)(C)O3,CN1C=C(B2OC(C)(C)C(C)(C)O2)C2C=CC=C(Br)C1=2
111,COC1C=C2C(=CC=1)C=C(C=C2)C(=O)C(C)(C)CCl,COC1C=C2C=CC(=CC2=CC=1)C(=O)C(C)(C)CCl
112,CC(=O)OCC1C(C(=O)OCC2=CC=C(OC)C=C2)=CC(=CC=1)CO[Si](C)(C)C(C)(C)C,CC(=O)OCC1=CC=C(CO[Si](C)(C)C(C)(C)C)C=C1C(=O)OCC1C=CC(=CC=1)OC
113,ClCC(C)(C)C(=O)N(C(C)C)CC(=O)N(CCC1C2=C(C=CC=C2)NC=1)CC3=CC=C(N(C)C)C=C3,CN(C)C1C=CC(CN(CCC2=CNC3C=CC=CC2=3)C(=O)CN(C(C)C)C(=O)C(C)(C)CCl)=CC=1
114,BrC1=CC(=CC=C1)S(=O)(=O)C(F)F,O=S(=O)(C(F)F)C1C=C(Br)C=CC=1
115,c1ccc(cc1)Nc2ccc(cc2)N(Cc3ccccc3)S(=O)(=O)c4ccccc4,O=S(=O)(c1ccccc1)N(Cc1ccccc1)c1ccc(cc1)Nc1ccccc1
116,OC1C=C2C(=CC=1)[C@@H](C3=CC=C(OCCN4CCCCC4)C=C3)N(CC2)C5=CC=CC=C5,OC1C=C2CCN([C@@H](C2=CC=1)C1C=CC(=CC=1)OCCN1CCCCC1)C1C=CC=CC=1
117,[H]Cl.OCCN1N=C(C=C1)NCC2N(C)C=CC=2,Cl.CN1C=CC=C1CNC1C=CN(CCO)N=1
118,COC(=O)CNC(=O)C1C=C(Cl)C=CC=1,COC(=O)CNC(=O)C1C=C(Cl)C=CC=1
119,COC1=CC=C(C=C1)CNC2=C(NC(=O)NCCNC(=O)OC(C)(C)C)C=NN2C,COC1=CC=C(CNC2=C(C=NN2C)NC(=O)NCCNC(=O)OC(C)(C)C)C=C1
120,O\N=C\C1C=C2C(=NC=1)C=C(O2)[Si](C)(C)C,C[Si](C)(C)C1=CC2=NC=C(C=C2O1)/C=N/O
121,NCCN1C[C@H](CC1)N(C)C(C)=O,CN([C@@H]1CN(CCN)CC1)C(C)=O
122,COC(=O)CC(C)N1C(=O)C2C(=CC=CC=2)C1=O,COC(=O)CC(C)N1C(=O)C2=CC=CC=C2C1=O
123,CCCCN(C(=O)CCC)c1ccc(Cl)cc1,CCCCN(C(=O)CCC)c1ccc(Cl)cc1
124,O=C1C2=C(NC=N1)N(C=N2)[C@@H]3O[C@H](COP(=O)(O)OP(O)(O)=O)[C@@H](O)C3,OP(O)(=O)OP(O)(=O)OC[C@H]1O[C@H](C[C@@H]1O)N1C=NC2=C1NC=NC2=O
125,CCCC1=C(C=O)C(N)=NC=N1,CCCC1N=CN=C(N)C=1C=O
126,NNC(=O)C1=CC=C(C=C1)COC2C(Cl)=CC(Br)=CC=2,NNC(=O)C1C=CC(COC2=CC=C(Br)C=C2Cl)=CC=1
127,FC(F)(F)OC1=CC=C(C=C1)S(=O)(=O)NC2C(C)=C(C=CC=2)C(F)(F)F,CC1C(=CC=CC=1C(F)(F)F)NS(=O)(=O)C1C=CC(=CC=1)OC(F)(F)F
128,CCOC(=O)C1C(=O)C2C(=CC=NC=2)C1,CCOC(=O)C1CC2=CC=NC=C2C1=O
129,CCC1=C(C(O)=O)C(CC(C)C)=NN1,CCC1NN=C(CC(C)C)C=1C(O)=O
130,O[C@@H]1C[C@H](COC(C)(C)[C@H]1O)[C@H]2[C@@]3(C)[C@@](CC2)(C)C4[C@@](CC3)([H])[C@]5(C)[C@](CC=4)([H])C(C)(C)[C@H](O)CC5,C[C@]12CC[C@@H]([C@H]3COC(C)(C)[C@@H](O)[C@H](O)C3)[C@]1(C)CC[C@H]1C2=CC[C@@H]2[C@]1(C)CC[C@@H](O)C2(C)C
131,C[C@H](O)[C@H](N)C1=CC(=CC=C1Cl)C(F)(F)F,C[C@H](O)[C@H](N)C1=CC(=CC=C1Cl)C(F)(F)F
132,ClC1=CC=C(C=C1)SC2C([N+](=O)[O-])=CC(C(O)=O)=CC=2,[O-][N+](=O)C1=CC(=CC=C1SC1C=CC(Cl)=CC=1)C(O)=O
133,CCOC(=O)C1=CN2C(C=C1)=NC(C(=O)OCC)=C2,CCOC(=O)C1=CN2C=C(N=C2C=C1)C(=O)OCC
134,OC(=O)CCCN1C2C(=CC=CC=2)OCC1=O,OC(=O)CCCN1C2=CC=CC=C2OCC1=O
135,O.O.O.C1/C=C\C=C/C=C\[C@H](C)[C@@H](O)[C@@H](C)[C@H](C)OC(=O)C[C@H](O)C[C@H](O)CC[C@@H](O)[C@H](O)C[C@H](O)C[C@@]2(O)OC(C[C@H](/C=C\C=C/C=C\C=1)O[C@H]3[C@@H](O)[C@@H](N)[C@H](O)[C@@H](C)O3)([H])[C@H](C(O)=O)[C@@H](O)C2,O.O.O.C[C@H]1C=CC=CC=CC=CC=CC=CC=C[C@@H](CC2O[C@@](O)(C[C@H](O)[C@H]2C(O)=O)C[C@@H](O)C[C@@H](O)[C@H](O)CC[C@@H](O)C[C@@H](O)CC(=O)O[C@@H](C)[C@H](C)[C@@H]1O)O[C@@H]1O[C@H](C)[C@@H](O)[C@H](N)[C@@H]1O
136,CCN1C(C2=CC=C(O)C=C2)=C(C)C3=C1C=CC(O)=C3,CC1C2C=C(O)C=CC=2N(CC)C=1C1C=CC(O)=CC=1
137,BrC1C(=CC=CC=1)C2SC3N(C=NN=3)N=2,BrC1=CC=CC=C1C1=NN2C=NN=C2S1
138,COC(=O)C(C)N(c1ccc(cc1)Oc2ccccc2)S(=O)(=O)CC,COC(=O)C(C)N(c1ccc(cc1)Oc1ccccc1)S(=O)(=O)CC
139,OC(=O)CC(C)N(c1ccccc1)c2ncc(Cl)cc2,CC(CC(O)=O)N(c1ccc(Cl)c[n]1)c1ccccc1
140,CC(C)(C)OC(=O)N1CC2(CN(CCC2)CC3=CC=CC=C3)C1,CC(C)(C)OC(=O)N1CC2(CN(CC3C=CC=CC=3)CCC2)C1
141,NCCC1(O)C2C(CCC1)C2,NCCC1(O)CCCC2CC12
142,Cl.COc1cc(cnc1)C(O)=O,Cl.COc1c[n]cc(c1)C(O)=O
143,NCC1N(C(=O)OC(C)(C)C)C(CCC1)C(C)C,CC(C)C1CCCC(CN)N1C(=O)OC(C)(C)C
144,CC(=C)CC1=CC=C(C=C1)OC2=CC=CC=C2,CC(=C)CC1C=CC(=CC=1)OC1C=CC=CC=1
145,CC(=O)N(CCc1ccccc1)c2c(C)cccc2,Cc1ccccc1N(CCc1ccccc1)C(C)=O
146,C=CCC1C(O)=C(OCC)C=C(C=1)\C=C2C(=O)N(C3=CC=CC=C3)C(=O)S\2,CCOC1C=C(C=C(CC=C)C=1O)/C=C1\SC(=O)N(C\1=O)C1C=CC=CC=1
147,NCC1C(Cl)=NC2C(=CC=CC=2Br)C=1,NCC1=CC2=CC=CC(Br)=C2N=C1Cl
148,NC1=C2N(N=C1)C(=CC=N2)C3CC3,NC1C=NN2C=1N=CC=C2C1CC1
149,Clc1ccc(cc1)CN(CCOc2cc(ccc2)C(F)(F)F)CCNc3c(Cl)cc(cn3)C(F)(F)F,FC(F)(F)c1c[n]c(NCCN(Cc2ccc(Cl)cc2)CCOc2cc(ccc2)C(F)(F)F)c(Cl)c1
150,Cl.Cl.CC1=CC(=NC=C1)OCC2CCNCC2,Cl.Cl.CC1=CC(=NC=C1)OCC1CCNCC1
151,C1=CC=C(C=C1)C2(C)NC(=O)NC2,CC1(CNC(=O)N1)C1C=CC=CC=1
152,O=[N+]([O-])C1C=C(/C=N/NC2=C(Cl)C=C(Cl)C=C2Cl)C(O)=CC=1,[O-][N+](=O)C1C=C(/C=N/NC2C(Cl)=CC(Cl)=CC=2Cl)C(O)=CC=1
153,[N-]=[N+]=NCCOCC(O)=O,[N-]=[N+]=NCCOCC(O)=O
154,[H]Cl.COC1C=C2C(=CC=1)OC3(CCNCC3)NC2=O,Cl.COC1C=C2C(=CC=1)OC1(CCNCC1)NC2=O
155,OC1=CC=C(C=C1)C(=O)NC2=C(C)C(Cl)=CC=C2,CC1C(Cl)=CC=CC=1NC(=O)C1C=CC(O)=CC=1
156,O=C1NC(=O)C(C(=O)N1)=CC2=CC3CC4(C(=O)N(C)C(=O)N(C)C4=O)C5N(CCC5)C=3C=C2,CN1C(=O)C2(CC3C=C(C=C4C(=O)NC(=O)NC4=O)C=CC=3N3CCCC23)C(=O)N(C)C1=O
157,CCOC1C(C)=CC(Br)=C(CO)C=1,CC1=CC(Br)=C(CO)C=C1OCC
158,CCC(CC)(N)CC1=C2C(C=CC=C2)=CC=C1,CCC(N)(CC1C=CC=C2C=CC=CC2=1)CC
159,ClCC1C2=C(C=C(O)C3C2=CC=CC=3)N(C1)C(=O)OC(C)(C)C,CC(C)(C)OC(=O)N1CC(CCl)C2C3=CC=CC=C3C(O)=CC1=2
160,CS(=O)(=O)OCCCCOS(=O)(C)=O.CN(C)c1ccc(cc1)C(=O)Nc2sc(cn2)Sc3cc(c(OC)cc3C)C(=O)N4CCN(C(C)=O)CC4,CN(C)c1ccc(cc1)C(=O)Nc1[n]cc(Sc2cc(c(cc2C)OC)C(=O)N2CCN(CC2)C(C)=O)[s]1.CS(=O)(=O)OCCCCOS(C)(=O)=O
161,CCOC(OCC)C1N=C2N(C=CC=C2C=O)C=1,CCOC(OCC)C1=CN2C=CC=C(C=O)C2=N1
162,CCCCCC(CC(=O)[O-])N1C2C(=CC=C(Cl)C=2)C(O)=C1,CCCCCC(CC([O-])=O)N1C=C(O)C2=CC=C(Cl)C=C12
163,O=[N+]([O-])C1=NN(C)C(C)=C1,CC1=CC(=NN1C)[N+]([O-])=O
164,BrC1c2c(cccc2)C(Br)C1,BrC1CC(Br)c2ccccc21
165,CC1CN(CCC1)CC(=O)NC2SC(C)=NN=2,CC1=NN=C(NC(=O)CN2CCCC(C)C2)S1
166,CCOC(=O)C1CN(CCC1)C(=O)C2N=C(OC=2)CN(CCC3C4=C(C=CC=C4)NC=3)CC5=C(C=CC=C5)C(F)(F)F,CCOC(=O)C1CCCN(C1)C(=O)C1=COC(CN(CCC2=CNC3C=CC=CC=32)CC2C=CC=CC=2C(F)(F)F)=N1
167,CCCCCCCCCCCCCCCCN(C(=O)CCCCCCCC)c1ccc(C(=O)OCCCC)cc1,CCCCOC(=O)c1ccc(cc1)N(CCCCCCCCCCCCCCCC)C(=O)CCCCCCCC
168,CCOC(=O)CC1=CC=C(Cl)C=C1,CCOC(=O)CC1=CC=C(Cl)C=C1
169,N#CCC1C(C)=NN(C=1)C2CSCC2,CC1=NN(C=C1CC#N)C1CSCC1
170,CCCc1ccc(cc1)N(c2cc(SC)ccc2)c3c(cccc3)[N+](=O)[O-],CCCc1ccc(cc1)N(c1ccccc1[N+]([O-])=O)c1cc(ccc1)SC
171,CCOC(=O)CN(CC)c1c(Cl)nc(Cl)nc1,CCN(CC(=O)OCC)c1c[n]c(Cl)[n]c1Cl
172,OC(=O)CC1=C(C)C2=C(NN=C2C)OC1=O,CC1=C(CC(O)=O)C(=O)OC2NN=C(C)C1=2
173,C1CNC(CC1)CN2C(N)=CC(=N2)C(F)(F)F,NC1=CC(=NN1CC1CCCCN1)C(F)(F)F
174,C1=CC=C(C=C1)C2=CC=C(C=C2)C3=C(O)C(=C4C(CCCC4)=C3)C5=C6C(CCCC6)=CC(C7=CC=C(C=C7)C8=CC=CC=C8)=C5O,OC1C(C2=C3CCCCC3=CC(C3C=CC(=CC=3)C3C=CC=CC=3)=C2O)=C2CCCCC2=CC=1C1C=CC(=CC=1)C1C=CC=CC=1
175,[Pt+4].O=[N+]([O-])[O-].O=[N+]([O-])[O-].O=[N+]([O-])[O-].O=[N+]([O-])[O-],[Pt+4].[O-][N+]([O-])=O.[O-][N+]([O-])=O.[O-][N+]([O-])=O.[O-][N+]([O-])=O
176,O=CC1(O)C(C)(C)CCC1,CC1(C)CCCC1(O)C=O
177,CC1=CC=C(C=C1)C(=O)N(C)CCC2N=C(ON=2)C3=CC=C(C(O)=O)C=C3,CC1C=CC(=CC=1)C(=O)N(C)CCC1N=C(ON=1)C1C=CC(=CC=1)C(O)=O
178,CCCCOC(=O)c1ccc(cc1)N(CCc2ccccc2)CC(=O)OCCC(C)C,CCCCOC(=O)c1ccc(cc1)N(CC(=O)OCCC(C)C)CCc1ccccc1
179,Cl.CNC1CN(CCC1)C(=O)C2SC=CC=2,Cl.CNC1CN(CCC1)C(=O)C1=CC=CS1
180,CCOC(=O)C1C(=CC=CC=1)NC(=O)CN2C(=CC=C2)C3=NC(=NO3)C4=CC=C(F)C=C4,CCOC(=O)C1=CC=CC=C1NC(=O)CN1C=CC=C1C1=NC(=NO1)C1C=CC(F)=CC=1
181,CCOC(=O)CC(=O)N(Cc1cc(F)ccc1)c2ccc(OCC)cc2,CCOC(=O)CC(=O)N(Cc1cccc(F)c1)c1ccc(cc1)OCC
182,COC(=O)C1C(Cl)=NC(C)=CC=1,CC1=CC=C(C(Cl)=N1)C(=O)OC
183,OCC(O)CN(C(=O)C(C)C)c1c(O)cccc1,CC(C)C(=O)N(CC(O)CO)c1ccccc1O
184,Cl.N[C@@H]1CN(CC1)C(=O)C2CCC2,Cl.N[C@@H]1CN(CC1)C(=O)C1CCC1
185,OCC1=CC=C(C=C1)CNC2CC2,OCC1=CC=C(CNC2CC2)C=C1
186,CCCCCCN(CCN1CCOCC1)C(C)CCBr,CCCCCCN(CCN1CCOCC1)C(C)CCBr
187,COC(OC)CN(S(=O)(=O)C=C)c1c(O)cc([N+](=O)[O-])cc1,COC(CN(c1ccc(cc1O)[N+]([O-])=O)S(=O)(=O)C=C)OC
188,COC(=O)C1C(=CC=CC=1)C(=O)C(C)(C)CC,CCC(C)(C)C(=O)C1=CC=CC=C1C(=O)OC
189,CN1C2=C(C=CC=C2)\C(=N\NC3N=CC=CC=3)C1=O,CN1C(=O)/C(=N\NC2=CC=CC=N2)/C2C=CC=CC1=2
190,NCCc1cc(c(OC)c(OC)c1)c2c3c(cccc3)nc2C,Cc1[nH]c2ccccc2c1-c1cc(CCN)cc(OC)c1OC
191,FC1=CC(=CC=C1)CSC2C3N(C=CN=2)N=C(C=3)C4=C(C)C=CC(C)=C4,CC1C=CC(C)=CC=1C1C=C2C(=NC=CN2N=1)SCC1C=C(F)C=CC=1
192,C[Si](Cl)(C)Cl.C1=CC=C(C=C1)C(C2=CC=CC=C2)(O)C(C3=CC=CC=C3)(O)C4=CC=CC=C4,C[Si](C)(Cl)Cl.OC(C1C=CC=CC=1)(C1C=CC=CC=1)C(O)(C1C=CC=CC=1)C1C=CC=CC=1
193,CC1=NN(C(C)=N1)C(=O)C2SC=CC=2,CC1=NC(C)=NN1C(=O)C1=CC=CS1
194,Cl.C1CN2C(NC1)=NN=N2,Cl.C1CCN2N=NN=C2N1
195,CCOC(=O)C1NC2=C(C=CN=C2)N=1,CCOC(=O)C1NC2C=NC=CC=2N=1
196,CC#CCC1(C=O)CCCC1,CC#CCC1(CCCC1)C=O
197,C=CCN1C(=NN=C1SCC(=O)C2C3=C(C=CC=C3)N(C)C=2)C4=CC=NC=C4,CN1C=C(C(=O)CSC2=NN=C(C3C=CN=CC=3)N2CC=C)C2C=CC=CC1=2
198,C1=CC=C(C=C1)C2=NCCC2,C1CCN=C1C1C=CC=CC=1
199,CCCOC(=O)CN(C(C)CC(O)=O)c1sc(=S)nn1,CCCOC(=O)CN(C(C)CC(O)=O)c1[n][nH]c(=S)[s]1
200,CN(C)\C=C\C1=C(C(=O)OC)C=C2C(C=CN(CC3=CC=C(OC)C=C3)C2=O)=N1,CN(C)/C=C/C1N=C2C=CN(CC3C=CC(=CC=3)OC)C(=O)C2=CC=1C(=O)OC
201,FC1C=C(C=CC=1)C2(C=O)CC2,O=CC1(CC1)C1C=CC=C(F)C=1
202,CSCN(CC)CC,CSCN(CC)CC
203,SCC1NN2C(=NC(C)=CC2=O)N=1,CC1=CC(=O)N2NC(CS)=NC2=N1
204,CN1C=C(C=N1)C(=O)NC2=CC3=C(N=CC=C3)C=C2,CN1C=C(C=N1)C(=O)NC1=CC2C=CC=NC=2C=C1
205,CCOC(=O)C1=C(C=CC=C1)C(C2=CC=C(O)C=C2)C3=CC=C(O)C=C3,CCOC(=O)C1C=CC=CC=1C(C1C=CC(O)=CC=1)C1C=CC(O)=CC=1
206,COCCN1C2C3C(CCN(C(=O)CC4=CC(F)=CC=C4)CC=3C=CC=2)=C1,COCCN1C=C2CCN(CC3C=CC=C1C=32)C(=O)CC1=CC(F)=CC=C1
207,CCOC(=O)[C@H](CC1=CC=C(O)C=C1)NC(=O)C2C(O)=C3C(CC(C)OC3=O)=C(Cl)C=2,CC1CC2=C(Cl)C=C(C(=O)N[C@@H](CC3=CC=C(O)C=C3)C(=O)OCC)C(O)=C2C(=O)O1
208,CC(Cl)C(=O)N1CC(C(F)(F)F)(CC1)c2nc(no2)C3CC3,CC(Cl)C(=O)N1CC(CC1)(c1[n]c([n]o1)C1CC1)C(F)(F)F
209,CCN1CC2(NCC1)COCC2,CCN1CC2(COCC2)NCC1
210,COC(=O)[C@H]1NC(CC1)C2=CC=C(N)C=C2,COC(=O)[C@@H]1CCC(N1)C1C=CC(N)=CC=1
211,CC1C=C2C(=CC=1Cl)C(O)CC3(CCN(CC(O)C4C5=C(C=CC=C5)NC=4C)CC3)O2,CC1C=C2OC3(CC(O)C2=CC=1Cl)CCN(CC(O)C1C2C=CC=CC=2NC=1C)CC3
212,[Cl-].[Cu+],[Cl-].[Cu+]
213,CCCCC\C=C/C\C=C/CCCCCCCC(O)=O.CCCCC\C=C/C\C=C/CCCCCCCC(O)=O.CCCCOCC1OC1.ClCC1OC1.OC1=CC=C(C=C1)C(C)(C)C2=CC=C(O)C=C2,CC(C)(C1=CC=C(O)C=C1)C1=CC=C(O)C=C1.CCCCOCC1CO1.CCCCC/C=C\C/C=C\CCCCCCCC(O)=O.CCCCC/C=C\C/C=C\CCCCCCCC(O)=O.ClCC1CO1
214,CC(=O)CC(=O)NC1SC=CN=1,CC(=O)CC(=O)NC1=NC=CS1
215,COC1=CC=C(C=C1)CC2C=C(N)NN=2,COC1C=CC(CC2C=C(N)NN=2)=CC=1
216,CCOC(=O)CCOC1=C(Cl)C=C(C=C1)C(F)(F)F,CCOC(=O)CCOC1C=CC(=CC=1Cl)C(F)(F)F
217,O=[N+]([O-])c1cc(O)c(cc1)N(Cc2cc(F)ccc2)c3c(cccc3)[N+](=O)[O-],[O-][N+](=O)c1ccccc1N(Cc1cc(F)ccc1)c1ccc(cc1O)[N+]([O-])=O
218,c1ccc(cc1)Cn2c(nnn2)CN3CCNCC3,C(c1[n][n][n][n]1Cc1ccccc1)N1CCNCC1
219,Cl.NOCCCCOC1=CC=CC=C1,Cl.NOCCCCOC1C=CC=CC=1
220,OB(O)C1C=C(C=CC=1)C2=NC=CN2,OB(O)C1C=C(C=CC=1)C1NC=CN=1
221,OC(=O)CSC1C(C)=NC2=C(C=CC=C2)N=1,CC1=NC2C=CC=CC=2N=C1SCC(O)=O
222,COC1C=C(NC(=O)COC2C3=C(C=CC(OC)=C3)N=C(C(=O)OC)C=2)C=C(OC)C=1,COC(=O)C1C=C(OCC(=O)NC2C=C(C=C(C=2)OC)OC)C2C=C(C=CC=2N=1)OC
223,OCC1=C2N(C=CN(CC3=CC=C(Cl)C=C3)C2=O)N=C1C4=CC=C(F)C=C4,OCC1=C2C(=O)N(CC3C=CC(Cl)=CC=3)C=CN2N=C1C1C=CC(F)=CC=1
224,O=C1N=C(C=NN1)N/N=C/C2=CC([N+](=O)[O-])=C(O)C(OC)=C2,COC1=CC(/C=N/NC2C=NNC(=O)N=2)=CC(=C1O)[N+]([O-])=O
225,[H]Cl.NC1=CC(=CC=C1)C(N)=N,Cl.NC1C=CC=C(C=1)C(N)=N
226,COC1C(OC)=CC(=CC=1)C#CC2(O)CCCC2,COC1=CC(=CC=C1OC)C#CC1(O)CCCC1
227,NC(=O)CN(C(=O)c1c(Br)cccc1)c2c(OC)cccc2,COc1ccccc1N(CC(N)=O)C(=O)c1ccccc1Br
228,COCC(=O)N(CCO)c1cnc(Cl)cc1,COCC(=O)N(CCO)c1ccc(Cl)[n]c1
229,CC(N)Cc1cc(Cl)c(OC)c(F)c1,COc1c(F)cc(CC(C)N)cc1Cl
230,C1=CC=C(C=C1)COC2=CC(=CC=C2)C3=C(N)C=CN=C3,NC1C=CN=CC=1C1C=C(C=CC=1)OCC1C=CC=CC=1
231,Cl.OC(=O)C1(N)COCCC1,Cl.NC1(COCCC1)C(O)=O
232,OCCC#CC1=NC(=CN=C1)N2CCNCC2,OCCC#CC1C=NC=C(N=1)N1CCNCC1
233,CC(C)CCOC(=O)CN(CC(=O)OC)c1ncc(Cl)cc1,COC(=O)CN(CC(=O)OCCC(C)C)c1ccc(Cl)c[n]1
234,C=CCCN1C(=O)C=C(C(O)=O)C=C1,C=CCCN1C=CC(=CC1=O)C(O)=O
235,CC(C)C(=O)OC(C(C)C)C(C)(C)CO,CC(C)C(=O)OC(C(C)C)C(C)(C)CO
236,C1=CC=C(C=C1)N(C)CC(N)C2CC2,CN(CC(N)C1CC1)C1C=CC=CC=1
237,Cl.COC(=O)[C@]1(F)[C@H](CNC(=O)OC(C)(C)C)CNC1,Cl.CC(C)(C)OC(=O)NC[C@@H]1CNC[C@]1(F)C(=O)OC
238,CC(C)(C)OC1C(=CC(OC2CC2)=CC=1)B3OC(C)(C)C(C)(C)O3,CC(C)(C)OC1=CC=C(C=C1B1OC(C)(C)C(C)(C)O1)OC1CC1
239,CN1C(=CC=N1)C2C=C(C=CC=2)CC3NCCCC3,CN1N=CC=C1C1C=C(CC2CCCCN2)C=CC=1
240,OC1N=C2C(=NC1)NC(N)=NC2=O,NC1NC2=NCC(O)N=C2C(=O)N=1
241,Cc1nc(nc(C)c1)NS(=O)(=O)c2ccc(cc2)N(C(=O)c3c(Br)cccc3)c4c5c6c(cc4)N=C(C)c6ccc5,CC1=Nc2ccc(c3cccc1c23)N(c1ccc(cc1)S(=O)(=O)Nc1[n]c(C)cc(C)[n]1)C(=O)c1ccccc1Br
242,BrCCCCOc1c(C)cccc1C,Cc1cccc(C)c1OCCCCBr
243,CCCCCCOC(=O)CCC1N=CC(CCC(=O)OCCCCCC)=NC=1,CCCCCCOC(=O)CCC1=CN=C(CCC(=O)OCCCCCC)C=N1
244,NCCCCC(NC(=O)C(CO)NC(=O)C(C)NC(=O)C(CCSC)NC(=O)CN)C(=O)NC(C)C(=O)NCC(=O)NC(C)C(=O)NC(C(C)CC)C(=O)NC(C)C(=O)NCC(=O)NC(CCCCN)C(=O)NC(C(C)CC)C(=O)NC(C)C(=O)NC(CCCCN)C(=O)NC(C(C)C)C(=O)NC(C)C(=O)NC(CC(C)C)C(=O)NC(CCCCN)C(=O)NC(C)C(=O)NC(CC(C)C)C(N)=O,CC(C)CC(NC(=O)C(C)NC(=O)C(CCCCN)NC(=O)C(CC(C)C)NC(=O)C(C)NC(=O)C(NC(=O)C(CCCCN)NC(=O)C(C)NC(=O)C(NC(=O)C(CCCCN)NC(=O)CNC(=O)C(C)NC(=O)C(NC(=O)C(C)NC(=O)CNC(=O)C(C)NC(=O)C(CCCCN)NC(=O)C(CO)NC(=O)C(C)NC(=O)C(CCSC)NC(=O)CN)C(C)CC)C(C)CC)C(C)C)C(N)=O
245,COc1cc(ccc1)NC(=O)COc2c(cccc2)c3nc(no3)c4ccc(C)cc4,Cc1ccc(cc1)-c1[n]oc([n]1)-c1ccccc1OCC(=O)Nc1cccc(c1)OC
246,Cc1c(cccc1)\N=N\c2cc(C)c(cc2)N(CC(=O)c3ccccc3)c4ccc(cc4)c5nc(NCC6OCCC6)sc5,Cc1cc(ccc1N(CC(=O)c1ccccc1)c1ccc(cc1)-c1c[s]c(NCC2CCCO2)[n]1)/N=N/c1ccccc1C
247,Cl.O=[N+]([O-])C1C(=CC=CC=1F)OCC2CCNCC2,Cl.[O-][N+](=O)C1=C(F)C=CC=C1OCC1CCNCC1
248,ClC1N=NC(=CC=1)CN(C)C(=O)[C@@H](N)C(C)C,CC(C)[C@H](N)C(=O)N(C)CC1=CC=C(Cl)N=N1
249,COC1=CC(=CC=C1)CC(=O)CC(F)(F)F,COC1=CC(CC(=O)CC(F)(F)F)=CC=C1
250,CCCc1ccc(cc1)N(c2ccc(C(=O)OC)cc2)S(=O)(=O)c3c(C)cc(C)cc3C,CCCc1ccc(cc1)N(c1ccc(cc1)C(=O)OC)S(=O)(=O)c1c(C)cc(C)cc1C
251,Cl.NC1=CC(=CC=C1)COC2=CC(F)=CC=C2,Cl.NC1=CC(COC2C=CC=C(F)C=2)=CC=C1
252,COC1=CC(=CC=C1)N2C(=NN=C2)SCC(=O)C3=C(C4=CC=CC=C4)NC5=C3C=CC=C5,COC1=CC(=CC=C1)N1C=NN=C1SCC(=O)C1=C(NC2C=CC=CC=21)C1C=CC=CC=1
253,CC(=O)C1C=C(C=CC=1)NC(=O)C2C=C(C)C=CC=2,CC(=O)C1C=C(C=CC=1)NC(=O)C1C=C(C)C=CC=1
254,NCC1C=C(C=C(O)C=1)C(F)(F)F,NCC1C=C(C=C(O)C=1)C(F)(F)F
255,CCCCCCCCC(=O)N(C(CCCCCCCC)C(O)=O)c1ccc(cc1)S(=O)(N)=O,CCCCCCCCC(C(O)=O)N(c1ccc(cc1)S(N)(=O)=O)C(=O)CCCCCCCC
256,OCCCCCCl,OCCCCCCl
257,IC1C=C2C(=CC=1)N(C=N2)C(=O)OC(C)(C)C,CC(C)(C)OC(=O)N1C=NC2=CC(I)=CC=C12
258,N#CC1C(C#N)=CC=C(N)C=1,NC1C=C(C#N)C(=CC=1)C#N
259,CCCOC1=C(OC)C=C(C=C1)[C@@H](N)C(F)(F)F,COC1C=C(C=CC=1OCCC)[C@@H](N)C(F)(F)F
260,CSCC[C@H](NC(=O)OCC1=CC=CC=C1)C(=O)N[C@@H](C)C(O)=O,C[C@H](NC(=O)[C@H](CCSC)NC(=O)OCC1C=CC=CC=1)C(O)=O
261,CCOC(=O)C(/C#N)=C(\O)/C(=C/C1=CC=CC=C1)/NC(=O)C2=CC=CC=C2,CCOC(=O)/C(/C#N)=C(\O)/C(=C/C1C=CC=CC=1)/NC(=O)C1C=CC=CC=1
262,OC1CCN(CC1)CC2=CC=C(C=C2)S(=O)(=O)N(C)C,CN(C)S(=O)(=O)C1=CC=C(CN2CCC(O)CC2)C=C1
263,NC(=O)C1C=C2C(=CC=1)C(O)=CC=N2,NC(=O)C1C=C2N=CC=C(O)C2=CC=1
264,[Na+].[Na+].[Na+].[Na+].O=S([O-])(=O)C1C2=C(C=CC=C2)C(=CC=1)/N=N/C3=C(O)C4=C(C=C(S(=O)(=O)[O-])C(/N=N/C5C6=C(C=CC=C6)C(=CC=5)S(=O)(=O)[O-])=C4O)C=C3S(=O)(=O)[O-],[Na+].[Na+].[Na+].[Na+].[O-]S(=O)(=O)C1=CC2C=C(C(/N=N/C3=CC=C(C4C=CC=CC=43)S([O-])(=O)=O)=C(O)C=2C(O)=C1/N=N/C1=CC=C(C2C=CC=CC=21)S([O-])(=O)=O)S([O-])(=O)=O
265,BrCCC(C)N(CC(N)=O)c1ccc(cc1)S(=O)(=O)NC(N)=O,CC(CCBr)N(CC(N)=O)c1ccc(cc1)S(=O)(=O)NC(N)=O
266,CCOC1=CC=C(C=C1)OC(C)C(=O)NNC(=O)CC2=CC(OC)=C(OC)C(OC)=C2,CCOC1=CC=C(C=C1)OC(C)C(=O)NNC(=O)CC1=CC(OC)=C(OC)C(=C1)OC
267,S=c1sc(nn1)N(C(C)(C)C(O)=O)C(C)(C)C(O)=O,CC(C)(C(O)=O)N(c1[n][nH]c(=S)[s]1)C(C)(C)C(O)=O
268,CCOC(=O)C(C)(C)OC1C=NC(C)=CC=1,CC1=CC=C(C=N1)OC(C)(C)C(=O)OCC
269,O=[N+]([O-])c1ccc(cc1)N(C(=O)c2ccccc2)c3c(Cl)nc(Cl)nc3,[O-][N+](=O)c1ccc(cc1)N(c1c[n]c(Cl)[n]c1Cl)C(=O)c1ccccc1
270,Cl.ClCC1C(Br)=CC=CN=1,Cl.ClCC1=NC=CC=C1Br
271,c1ccc(cc1)C(=O)CN(c2ccccc2)c3sc(S)nn3,O=C(CN(c1[n][n]c(S)[s]1)c1ccccc1)c1ccccc1
272,O=[N+]([O-])c1sc(nc1)N(c2ccc(cc2)c3nc(NCC4OCCC4)sc3)c5c(C)cccc5,Cc1ccccc1N(c1[n]cc([s]1)[N+]([O-])=O)c1ccc(cc1)-c1c[s]c(NCC2CCCO2)[n]1
273,[Cl-].CC1=CC=[N+](C=C1)CC2=CC=CC=C2,[Cl-].CC1C=C[N+](CC2C=CC=CC=2)=CC=1
274,[H]Cl.BrC1=CN=C(N=C1)OC2CNCCC2,Cl.BrC1=CN=C(N=C1)OC1CNCCC1
275,CC(=O)C1[N+]([O-])=CC=CC=1O,CC(=O)C1=C(O)C=CC=[N+]1[O-]
276,CCCCN(CC(=O)N(CC1=CC=C(C)C=C1)CCC2C3=C(C=CC=C3)NC=2)C(=O)C(CC)CC,CC1C=CC(CN(CCC2=CNC3C=CC=CC=32)C(=O)CN(CCCC)C(=O)C(CC)CC)=CC=1
277,OC(=O)CCCN1C(=O)C(/SC1=S)=C\C2OC(=CC=2)C3C=C([N+](=O)[O-])C=CC=3,[O-][N+](=O)C1=CC(=CC=C1)C1=CC=C(/C=C2/SC(=S)N(CCCC(O)=O)C/2=O)O1
278,CCCCCCCCCCCCCCN(c1scnc1)c2c(Cl)nc(Cl)nc2,CCCCCCCCCCCCCCN(c1c[n]c(Cl)[n]c1Cl)c1c[n]c[s]1
279,O=[N+]([O-])c1sc(nc1)N(Cc2ccccc2)c3ccccc3,[O-][N+](=O)c1c[n]c([s]1)N(Cc1ccccc1)c1ccccc1
280,CC(C)CC(C(O)=O)N(c1scnc1)c2ccc(cc2)S(=O)(=O)Nc3ccccc3,CC(C)CC(C(O)=O)N(c1c[n]c[s]1)c1ccc(cc1)S(=O)(=O)Nc1ccccc1
281,CCCCCCCCCCCCCCCC(=O)N(CCC(O)=O)c1c(OC)cccc1,CCCCCCCCCCCCCCCC(=O)N(CCC(O)=O)c1ccccc1OC
282,C=CCN1C(=O)C(/NC1=O)=C\C2N(C=CC=2)C3=CC=C(Br)C=C3,C=CCN1C(=O)/C(=C\C2=CC=CN2C2C=CC(Br)=CC=2)/NC1=O
283,Cl.COC1C=C(O)C=C(N)C=1,Cl.COC1C=C(O)C=C(N)C=1
284,Cl.COCC1CNC1,Cl.COCC1CNC1
285,COC1C(C(O)=O)=CC2=C(OCO2)C=1,COC1=CC2OCOC=2C=C1C(O)=O
286,NC(=O)CN(c1ccc(cc1)S(=O)(=O)Nc2n(ncc2)c3ccccc3)S(=O)(=O)c4c(C)cc(C)cc4C,Cc1cc(C)c(c(C)c1)S(=O)(=O)N(CC(N)=O)c1ccc(cc1)S(=O)(=O)Nc1cc[n][n]1-c1ccccc1
287,O=C1C(CCC1)n2cc(cn2)B3OC(C)(C)C(C)(C)O3,CC1(C)OB(OC1(C)C)c1c[n]([n]c1)C1CCCC1=O
288,CC(=O)CN1C(=O)N=NN1,CC(=O)CN1NN=NC1=O
289,CC(=O)C1C2C(=NC=CC=2)SC=1,CC(=O)C1=CSC2=NC=CC=C12
290,CC(C)NC1=NC(=O)C(C(O)=O)=CN1,CC(C)NC1NC=C(C(O)=O)C(=O)N=1
291,C1N=C(SC=1)NC(=O)C(C)SC2N(C)C(=NN=2)C3=C(F)C=CC=C3,CC(SC1=NN=C(C2C=CC=CC=2F)N1C)C(=O)NC1=NC=CS1
292,ClCCCCN(CCCBr)C(=O)CCC,CCCC(=O)N(CCCBr)CCCCCl
293,CCNC(=O)C1N=CC=NC=1,CCNC(=O)C1=CN=CC=N1
294,COC1C(Br)=NC=CC=1O,COC1=C(O)C=CN=C1Br
295,COC1=CC(=CC=C1)C(O)C2=CSC=C2,COC1=CC(=CC=C1)C(O)C1=CSC=C1
296,C#CCCC#COC#CCCC#C,C#CCCC#COC#CCCC#C
297,CC(C)C[C@H]1[C@@]2([H])[C@@]3(C(=O)N1)[C@@](C=C(C)[C@H]2C)([H])[C@]4([H])[C@@](CC3=O)([H])[C@]5([H])O[C@@]4(C)CC[C@H]5O,C[C@@]12CC[C@@H](O)[C@@H](O1)[C@H]1CC(=O)[C@]34[C@H]([C@H](CC(C)C)NC3=O)[C@H](C)C(C)=C[C@@H]4[C@@H]21
298,CCC(=O)OC1C2C(CCC2)CC1,CCC(=O)OC1CCC2CCCC21
299,Cl.NCC1C=C(F)C(=CC=1)OCC2CC2,Cl.NCC1=CC=C(OCC2CC2)C(F)=C1
300,CC1=NC(=CC(N)=N1)N2C=NC=C2,CC1=NC(=CC(N)=N1)N1C=CN=C1
301,CCCCCC(O)=O,CCCCCC(O)=O
302,O=CC1C(=NC=CC=1)N2C(C)CCC2,CC1CCCN1C1=NC=CC=C1C=O
303,CSC1C=C(C=CN=1)N2C=CC=C2,CSC1C=C(C=CN=1)N1C=CC=C1
304,CC(C)C(=O)N1[C@H](CCCC1)C(O)=O,CC(C)C(=O)N1CCCC[C@@H]1C(O)=O
305,ClC1=CC(O)=C(N)C(N)=C1,NC1=CC(Cl)=CC(O)=C1N
306,CCC1C(\C=C(\C)/C=C/C(=O)C(C)CC(C)C(C(C)C(O)CC(=O)O1)OC2C(O)C(N(C)C)C(O)C(C)O2)COC3C(OC)C(OC)C(O)C(C)O3,CC1C=CC(=O)C(C)CC(C)C(OC2OC(C)C(O)C(C2O)N(C)C)C(C)C(O)CC(=O)OC(CC)C(COC2OC(C)C(O)C(OC)C2OC)C=1
307,CC(=O)CC1=C(CC(O)=O)C(B(O)O)=CC=C1,CC(=O)CC1C=CC=C(B(O)O)C=1CC(O)=O
308,CC(C)NC1C(=CC=CN=1)[N+](=O)[O-],CC(C)NC1=NC=CC=C1[N+]([O-])=O
309,Cc1nc2c(cc1)oc(n2)N3C4CCN(CC4)CC3,Cc1ccc2oc([n]c2[n]1)N1CCN2CCC1CC2
310,COCCOCCOCCSC(C)=O,COCCOCCOCCSC(C)=O
311,O=S1(=O)C[C@@]23C(C)(C)[C@@](CC3)([H])C[C@]2([H])N1,CC1(C)[C@H]2C[C@@H]3NS(=O)(=O)C[C@@]13CC2
312,CCOC(=O)C(C(=O)OCC)N(c1ccccc1)c2c(OC)cccc2,COc1ccccc1N(C(C(=O)OCC)C(=O)OCC)c1ccccc1
313,Cl.CC(C)NC(=O)N1CC(C)NCC1,Cl.CC(C)NC(=O)N1CC(C)NCC1
314,CCS(=O)(=O)C1=NC(=C(Cl)C=N1)C(=O)N(CC2=CC=CC=C2)C3CS(=O)(=O)CC3,CCS(=O)(=O)C1N=CC(Cl)=C(N=1)C(=O)N(CC1C=CC=CC=1)C1CS(=O)(=O)CC1
315,C1C=C2C(=CC=1)N3C(NC4CC3CC4)=N2,C1C2CCC1N1C(N2)=NC2=CC=CC=C12
316,Fc1cc(ccc1)CN(C(C)=O)c2c(O)cc([N+](=O)[O-])cc2,CC(=O)N(Cc1cc(F)ccc1)c1ccc(cc1O)[N+]([O-])=O
317,Cl.Cl.OC(=O)C1C(NCCN1)C(O)=O,Cl.Cl.OC(=O)C1NCCNC1C(O)=O
318,NC(=O)C1=C(F)C=CC=C1O,NC(=O)C1C(O)=CC=CC=1F
319,OB(O)c1c(F)cc(Br)c(C)c1,Cc1cc(B(O)O)c(F)cc1Br
320,Cl.NC1C(=O)NS(=O)(=O)C1,Cl.NC1CS(=O)(=O)NC1=O
321,O=CC1N=C(SC=1)C2=CC=NC=C2,O=CC1=CSC(=N1)C1C=CN=CC=1
322,CC(=O)NCCN(C(C)CC(O)=O)c1ccc(cc1)S(=O)(=O)Nc2nc(C)cc(C)n2,CC(=O)NCCN(C(C)CC(O)=O)c1ccc(cc1)S(=O)(=O)Nc1[n]c(C)cc(C)[n]1
323,C=CCNC(=S)NC1=CC=C(C=C1)CC2=CC=CC=C2,C=CCNC(=S)NC1C=CC(CC2C=CC=CC=2)=CC=1
324,CCC(C)N1C(C=O)=C(Cl)C(C)=N1,CC1=NN(C(C)CC)C(C=O)=C1Cl
325,CC(=O)CC1=C([N+](=O)[O-])C=CC(F)=C1F,CC(=O)CC1=C(C=CC(F)=C1F)[N+]([O-])=O
326,FC1=C(C=CC=C1)COC2C=C(C=CC=2Cl)C(F)(F)F,FC1C=CC=CC=1COC1C=C(C=CC=1Cl)C(F)(F)F
327,CCCC(=O)N(CCC(C)C)c1cc(C(O)=O)c(O)cc1,CCCC(=O)N(CCC(C)C)c1ccc(O)c(c1)C(O)=O
328,NC(=S)NC1SC2C(N=1)=C(Cl)C=CC=2C(F)(F)F,NC(=S)NC1=NC2=C(Cl)C=CC(=C2S1)C(F)(F)F
329,BrCCC(C)N(c1ccc(F)cc1)c2c(C)cccc2,Cc1ccccc1N(C(C)CCBr)c1ccc(F)cc1
330,ClCCCCN(CC1OCCC1)C(CC(C)C)C(O)=O,CC(C)CC(C(O)=O)N(CC1CCCO1)CCCCCl
331,Clc1c(F)cc(cn1)C(F)(F)F,Fc1cc(c[n]c1Cl)C(F)(F)F
332,OC1C=C(Cl)C=C(F)C=1,OC1C=C(Cl)C=C(F)C=1
333,COC(=O)N1C2=C(CC1)C=C(OC)C(OC)=C2,COC1=CC2CCN(C(=O)OC)C=2C=C1OC
334,FCC(=C)Cl,C=C(Cl)CF
335,CC(O)C1C(Cl)=C(F)C=CC=1,CC(O)C1=CC=CC(F)=C1Cl
336,COC1C=C(C=CC=1)C(=O)/C=C/C2=CC=C(F)C=C2,COC1C=C(C=CC=1)C(=O)/C=C/C1C=CC(F)=CC=1
337,CC1CCN(CC1)CC(O)COC2C(CCC(C)C2)C(C)C,CC(C)C1CCC(C)CC1OCC(O)CN1CCC(C)CC1
338,Cl.CC(C)=CCN1[C@@H]2C(C)[C@@](CC1)(C)c3c(ccc(O)c3)C2,Cl.CC(C)=CCN1CC[C@@]2(C)C(C)[C@@H]1Cc1ccc(O)cc21
339,OC(=O)[C@@H](CCCCNC1=CC([N+](=O)[O-])=CC([N+](=O)[O-])=C1)NC(=O)OCC2C3=C(C=CC=C3)C4=C2C=CC=C4,[O-][N+](=O)C1C=C(C=C(C=1)[N+]([O-])=O)NCCCC[C@@H](NC(=O)OCC1C2C=CC=CC=2C2C=CC=CC=21)C(O)=O
340,ClC1=NN=C(C=C1)C(C)NC(=O)OCC2=CC=CC=C2,CC(NC(=O)OCC1C=CC=CC=1)C1C=CC(Cl)=NN=1
341,COC(=O)CN(c1c(Br)cccc1)c2c(C)cc(\N=N\c3c(C)cccc3)cc2,COC(=O)CN(c1ccccc1Br)c1ccc(cc1C)/N=N/c1ccccc1C
342,CCCC[Sn](CCCC)(CCCC)C1=CC2=C(C=CN=C2)C=C1,CCCC[Sn](CCCC)(CCCC)C1=CC2C=NC=CC=2C=C1
343,NCCCOC1C(Br)=CC=CC=1,NCCCOC1=CC=CC=C1Br
344,C/N=c1nc(cs\1)[C@@H]2N(CCC2)C(=O)OC(C)(C)C,CN=c1[nH]c(c[s]1)[C@H]1CCCN1C(=O)OC(C)(C)C
345,CCOC(=O)C1CC(C)=NN1,CC1CC(NN=1)C(=O)OCC
346,N#CC1=CC(=CC=C1)NC(=O)C2=CC(=CC=C2F)S(=O)(=O)C3CS(=O)(=O)CC3,N#CC1=CC(=CC=C1)NC(=O)C1=CC(=CC=C1F)S(=O)(=O)C1CS(=O)(=O)CC1
347,Cl.ClCN1CCOCC1,Cl.ClCN1CCOCC1
348,OC(=O)C(O)=O.NC1CC2(OC1)CN(CCC2)C(=O)OC(C)(C)C,CC(C)(C)OC(=O)N1CC2(CC(N)CO2)CCC1.OC(=O)C(O)=O
349,COC1C(O)=C(OC)C=C(C=1)/C=C2C(=O)N(C(=O)N\2)C3=CC=C(Cl)C=C3,COC1=CC(=CC(OC)=C1O)/C=C1/NC(=O)N(C2C=CC(Cl)=CC=2)C/1=O
350,CSC1=CC=C(C=C1)CCC(=O)C2=CC(Br)=CC=C2,CSC1=CC=C(CCC(=O)C2C=CC=C(Br)C=2)C=C1
351,C#CCOC1C(C(O)=O)=C(C)C(C)=NN=1,CC1=NN=C(OCC#C)C(C(O)=O)=C1C
352,BrC1=CC(=C(C)C=C1)C2C(C(O)=O)=CN(C)N=2,CC1C=CC(Br)=CC=1C1=NN(C)C=C1C(O)=O
353,COC1C(F)=C(C=CC=1)C(C)=O,CC(=O)C1C=CC=C(OC)C=1F
354,OC(=O)CN1C2=C(C=CC=C2F)N=C1C,CC1=NC2C=CC=C(F)C=2N1CC(O)=O
355,C=CCC1(CBr)CC=CC1,C=CCC1(CBr)CC=CC1
356,N#CC1C(Cl)=CC(NCC2CC2)=CC=1,N#CC1=CC=C(C=C1Cl)NCC1CC1
357,Br.COC1=CC(Br)=C(C(Br)=C1)NC2=NC(=CS2)C3N4C(N=CC=C4)=NC=3C,Br.CC1N=C2N=CC=CN2C=1C1=CSC(NC2C(Br)=CC(=CC=2Br)OC)=N1
358,CC(=O)NC(=O)OC(C)(C)C,CC(=O)NC(=O)OC(C)(C)C
359,O[C@H]1[C@@H](CS(=O)(=O)C1)N(C)C2CCC2,CN([C@@H]1CS(=O)(=O)C[C@H]1O)C1CCC1
360,OC(=O)COC1=CC(=CC=C1)C(C)=O,CC(=O)C1C=C(C=CC=1)OCC(O)=O
361,OC1CCN(CCC1)C(C)=O,CC(=O)N1CCCC(O)CC1
362,N#CC1C(=O)C2=C(NC=1)C(F)=CC=C2,N#CC1=CNC2C(F)=CC=CC=2C1=O
363,C1=CC=C(C=C1)COC(=O)N[C@H](C(C)C)C2=NC(C(O)=O)=C(C)O2,CC1OC(=NC=1C(O)=O)[C@H](NC(=O)OCC1C=CC=CC=1)C(C)C
364,ClC1C2CC(CC2)C1,ClC1CC2CC1CC2
365,NCCCCCCOC1C=C(C)C(Br)=CC=1,CC1=CC(=CC=C1Br)OCCCCCCN
366,CNC1C(=CC(Br)=CC=1)C(=O)C2=CC=CC=C2,CNC1=CC=C(Br)C=C1C(=O)C1C=CC=CC=1
367,CC1C(C)=C2C(C=CC=C2)=C(N)C=1,CC1=CC(N)=C2C=CC=CC2=C1C
368,O=[N+]([O-])C1C=C2C(=CC=1)SC(=N2)N3C[C@H](O)CC3,[O-][N+](=O)C1C=C2N=C(SC2=CC=1)N1C[C@H](O)CC1
369,CCCOC1=CC=C(C=C1)C2(N)C(C)CCCC2,CCCOC1C=CC(=CC=1)C1(N)CCCCC1C
370,CC(C)COC1C=C(B(O)O)C=C(F)C=1,CC(C)COC1C=C(C=C(F)C=1)B(O)O
371,OC(=O)CCN1C(COC2=CC=CC=C2)=NN=C1,OC(=O)CCN1C=NN=C1COC1C=CC=CC=1
372,Cc1ccc(cc1)N(S(=O)(=O)C=C)S(=O)(=O)c2c(C)cc(C)cc2C,Cc1ccc(cc1)N(S(=O)(=O)C=C)S(=O)(=O)c1c(C)cc(C)cc1C
373,OC(=O)C[C@@H](N)CC1=CC=C(I)C=C1,N[C@@H](CC1C=CC(I)=CC=1)CC(O)=O
374,Clc1nc(C)c(Cl)cc1,Cc1[n]c(Cl)ccc1Cl
375,NCCC1C=C(C=CC=1)C(=O)OC,COC(=O)C1=CC(CCN)=CC=C1
376,Cl.COC1C(OC)=CC2=C(CC(=O)N(CCCN(C)CC3C=C(C4(OC)CCC4)C(=CC=3)C5(OC)CCC5)CC2)C=1,Cl.CN(CC1C=C(C(=CC=1)C1(CCC1)OC)C1(CCC1)OC)CCCN1CCC2C=C(OC)C(=CC=2CC1=O)OC
377,CC(C)[C@@H](C)/C=C/[C@@H](C)[C@@H]1[C@]2(C)[C@](CC1)([H])C3[C@](CC2)([H])[C@@]4(C)C(C[C@@H](O)CC4)=CC=3,CC(C)[C@@H](C)/C=C/[C@@H](C)[C@H]1CC[C@H]2C3=CC=C4C[C@@H](O)CC[C@@]4(C)[C@@H]3CC[C@@]21C
378,CCCOC(=O)CN(CC(N)=O)c1ccc(cc1)S(=O)(O)=O,CCCOC(=O)CN(CC(N)=O)c1ccc(cc1)S(O)(=O)=O
379,CCCCCCCCCCCCCCCCN(S(=O)(C)=O)c1c2c(cccc2)ccc1,CCCCCCCCCCCCCCCCN(c1cccc2ccccc21)S(C)(=O)=O
380,[Sr+2].OC(=O)C1C(O)=C(CC2C3C(=CC=CC=3)C=C(C(O)=O)C=2O)C4C(=CC=CC=4)C=1,[Sr+2].OC(=O)C1=CC2=CC=CC=C2C(CC2C3=CC=CC=C3C=C(C=2O)C(O)=O)=C1O
381,N#CC1C([N+](=O)[O-])=CC(=CN=1)C(F)(F)F,N#CC1=NC=C(C=C1[N+]([O-])=O)C(F)(F)F
382,CN1C=C(C=C1)CNC(=O)C2(O)CC3C(=CC=CC=3)CC2,CN1C=C(CNC(=O)C2(O)CC3=CC=CC=C3CC2)C=C1
383,OCC[C@@H]1C(=CO[C@@H](OC2[C@H](O)[C@@H](O)[C@H](O)[C@@H](CO)O2)[C@@H]1C=C)C(=O)O[C@@H]3[C@H](C)[C@]4([H])[C@@](C3)([H])C(C(=O)OC)=CO[C@H]4OC5[C@H](O)[C@@H](O)[C@H](O)[C@@H](CO)O5,C[C@@H]1[C@H]2[C@@H](OC=C([C@H]2C[C@@H]1OC(=O)C1=CO[C@@H](OC2O[C@H](CO)[C@@H](O)[C@H](O)[C@H]2O)[C@H](C=C)[C@@H]1CCO)C(=O)OC)OC1O[C@H](CO)[C@@H](O)[C@H](O)[C@H]1O
384,Clc1ncc(cc1)N(Cc2ccccc2)C(C)C(O)=O,CC(C(O)=O)N(Cc1ccccc1)c1ccc(Cl)[n]c1
385,NCCCN1CC(C)CCC1,CC1CN(CCCN)CCC1
386,CCCCCCCCCCCCCCCC(=O)N(CC)c1c(O)ccc([N+](=O)[O-])c1,CCN(c1cc(ccc1O)[N+]([O-])=O)C(=O)CCCCCCCCCCCCCCC
387,NC(=O)NC[C@H](C(O)=O)NC(=O)OCC1C2=C(C=CC=C2)C3=C1C=CC=C3,NC(=O)NC[C@@H](NC(=O)OCC1C2C=CC=CC=2C2C=CC=CC=21)C(O)=O
388,Cl.C1NC[C@@H](CC1)OCC(=O)C2N=CC=NC=2,Cl.O=C(CO[C@H]1CNCCC1)C1=CN=CC=N1
389,NNC(=O)c1cc(B(O)O)cc(Br)c1,NNC(=O)c1cc(Br)cc(c1)B(O)O
390,NCCCCCOC1=CC=C(C=C1)OC(F)(F)F,NCCCCCOC1C=CC(=CC=1)OC(F)(F)F
391,CCCOC1=C(C(=O)NN)C=NN1CC(C)C,CCCOC1=C(C=NN1CC(C)C)C(=O)NN
392,CCOC(=O)C1(CN)CCCCC1,CCOC(=O)C1(CN)CCCCC1
393,CCCOC1=CC=C(C=C1)N2C(=O)C3C4(C(C)=O)C5=C(C=CC=C5)C(C6=C4C=CC=C6)C3C2=O,CC(=O)C12C3C(C(C4C=CC=CC1=4)C1C=CC=CC2=1)C(=O)N(C1C=CC(=CC=1)OCCC)C3=O
394,COC(=O)C1=C(N)C(C)=NC=N1,CC1=NC=NC(=C1N)C(=O)OC
395,OCC(O)CN(c1ccc(Cl)cc1)S(=O)(=O)c2c(C)cc(C)cc2C,Cc1cc(C)c(c(C)c1)S(=O)(=O)N(CC(O)CO)c1ccc(Cl)cc1
396,CCCC\C=C/CCCCCCCCCCCCO,CCCC/C=C\CCCCCCCCCCCCO
397,OCC1=C(Cl)C=C(I)C=C1Cl,OCC1C(Cl)=CC(I)=CC=1Cl
398,I.NC(=N)N(C)/N=C([H])/C1=CC=CC=C1,I.CN(/N=C/C1C=CC=CC=1)C(N)=N
399,CC(=O)NC1=C(C(O)=O)C=C(C)C=C1,CC(=O)NC1C=CC(C)=CC=1C(O)=O
400,[H]Cl.CC(C)CNCC1C(C)=NN(C)C=1,Cl.CC1=NN(C)C=C1CNCC(C)C
401,FC1C=C(C=CC=1)C2N=C(ON=2)C3C(=O)C=CN(C4=CC(F)=CC=C4)N=3,O=C1C=CN(N=C1C1=NC(=NO1)C1=CC(F)=CC=C1)C1=CC(F)=CC=C1
402,NC(=O)C1C=C(C=CC=1)NC(=O)C2=CC=NC=C2,NC(=O)C1C=C(C=CC=1)NC(=O)C1C=CN=CC=1
403,NC1C2C(=NC=CC=2)ON=1,NC1=NOC2=NC=CC=C21
404,O=C1C2C(CCSC2)=NO1,O=C1ON=C2CCSCC21
405,CCCCCCCCC(C(O)=O)N(C1CCCCC1)c2c(cccc2)C(O)=O,CCCCCCCCC(C(O)=O)N(C1CCCCC1)c1ccccc1C(O)=O
406,NCC1OC(C)(C)C(=O)N(CC2N=CC=CC=2)C1,CC1(C)OC(CN)CN(CC2=CC=CC=N2)C1=O
407,O=C([O-])N(C(C)(C)C)C1C(N)=C(Cl)C=CC=1,CC(C)(C)N(C([O-])=O)C1=CC=CC(Cl)=C1N
408,ClCCCCN(C(=O)CC(=O)OCC)c1c(cccc1)C(O)=O,CCOC(=O)CC(=O)N(CCCCCl)c1ccccc1C(O)=O
409,O[C@H]1C(=O)OCC1,O[C@@H]1CCOC1=O
410,CCOC(=O)C(CCC)C(=O)C1=CC=CC=C1,CCOC(=O)C(CCC)C(=O)C1C=CC=CC=1
411,CC1=CC=C(C=C1)CS(=O)(=O)CC(=O)NC2=CC=CC=C2,CC1C=CC(CS(=O)(=O)CC(=O)NC2C=CC=CC=2)=CC=1
412,CCOC(=O)CCCC(=O)C1=CC=C(OCC2=CC=CC=C2)C=C1,CCOC(=O)CCCC(=O)C1=CC=C(C=C1)OCC1C=CC=CC=1
413,FC1=CC(=C(F)C=C1)NC(=O)CS(=O)(=O)C2SC=CC=2,O=C(CS(=O)(=O)C1=CC=CS1)NC1C=C(F)C=CC=1F
414,COC(=O)C1=C(Br)C=C2C(OCO2)=C1,COC(=O)C1C=C2OCOC2=CC=1Br
415,COC(=O)N(c1ccc(Cl)cc1)c2c3c(CCC3)ncn2,COC(=O)N(c1[n]c[n]c2CCCc21)c1ccc(Cl)cc1
416,COC1=CC(=CC=C1)C(=O)C2C=C(Cl)C=C(F)C=2,COC1=CC(=CC=C1)C(=O)C1C=C(Cl)C=C(F)C=1
417,FC(F)COC1C(Br)=CC([N+](=O)[O-])=CC=1F,[O-][N+](=O)C1=CC(F)=C(OCC(F)F)C(Br)=C1
418,CC(O)CCC1CCCC1,CC(O)CCC1CCCC1
419,Cl.C1=CC=C(C=C1)COC(=O)N2C3C(=CC=CC=3)C4(CCNCC4)CC2,Cl.O=C(OCC1C=CC=CC=1)N1CCC2(CCNCC2)C2=CC=CC=C12
420,NCCC(CCO)C1CNCCC1,NCCC(CCO)C1CCCNC1
421,ClCC(=O)N1CCN(CC1)C2=C(C#N)C=CC=C2,N#CC1C=CC=CC=1N1CCN(CC1)C(=O)CCl
422,O=C1CC(CN1)(C)C2C3=C(C=CC=C3)NC=2,CC1(CNC(=O)C1)C1=CNC2C=CC=CC=21
423,CCC(N)Cc1c2c(ccc1)n(CC(C)CC)cc2,CC(C[n]1ccc2c(CC(N)CC)cccc12)CC
424,FC1N=C(C=CC=1)NC2CC(F)(F)C2,FC1=CC=CC(NC2CC(F)(F)C2)=N1
425,COCC(=O)N(C1CCCCC1)c2c(O)ccc([N+](=O)[O-])c2,COCC(=O)N(C1CCCCC1)c1cc(ccc1O)[N+]([O-])=O
426,NC1CN(CC1)C2=C3C(C=CC=C3)=CC=C2,NC1CN(CC1)C1C=CC=C2C=CC=CC2=1
427,Cl.Cl.ClC1=CC=C(C=C1)C(N)C2=CC=NC=C2,Cl.Cl.NC(C1C=CN=CC=1)C1C=CC(Cl)=CC=1
428,O=[N+]([O-])c1cc2c(cc1)nc(s2)N(C(=O)C(C)C)C(C)(C)C,CC(C)(C)N(c1[n]c2ccc(cc2[s]1)[N+]([O-])=O)C(=O)C(C)C
429,CCOC(OCC)CN(c1nc(OC)nc(C)n1)c2c(Cl)nc(Cl)nc2,Cc1[n]c([n]c([n]1)OC)N(CC(OCC)OCC)c1c[n]c(Cl)[n]c1Cl
430,Br[Zn]C1=CC=C(C=C1)C(OC)OC,COC(OC)C1C=CC(=CC=1)[Zn]Br
431,BrCCC(C)N(N=C(N)N)c1scnc1,CC(CCBr)N(N=C(N)N)c1c[n]c[s]1
432,CC(=O)CN(C(C)C(O)=O)c1ccc(O)cc1,CC(=O)CN(C(C)C(O)=O)c1ccc(O)cc1
433,CP(=O)[O-],CP([O-])=O
434,CCC(C(=O)NCC1N2C(=NN=1)C(=CC=C2)C3=NC(C)=NO3)C4=CC=CC=C4,CC1N=C(ON=1)C1=CC=CN2C1=NN=C2CNC(=O)C(CC)C1=CC=CC=C1
435,C1CCCN(CCC1)C(=O)C2CCC2,O=C(C1CCC1)N1CCCCCCC1
436,CC1CCN(CC1)C(CN)C2C(Cl)=CC=CC=2F,CC1CCN(CC1)C(CN)C1C(Cl)=CC=CC=1F
437,NC1=CC(=NC=C1)OC2CNCC2,NC1=CC(=NC=C1)OC1CNCC1
438,N#CCCN(N)C1SC2C(=CC=CC=2)N=1,NN(CCC#N)C1=NC2=CC=CC=C2S1
439,CN(C)CC(C1SC(Br)=CC=1)C2C3=C(C=CC=C3C)NC=2,CC1=CC=CC2NC=C(C(CN(C)C)C3=CC=C(Br)S3)C1=2
440,FC1C(C(=O)OC(=O)C2=C(C=CC=C2F)C(F)(F)F)=C(C=CC=1)C(F)(F)F,O=C(OC(=O)C1=C(C=CC=C1F)C(F)(F)F)C1=C(C=CC=C1F)C(F)(F)F
441,IC1=CC(=CC=C1)C(=O)C(F)(F)F,O=C(C1C=C(I)C=CC=1)C(F)(F)F
442,CCCCCNC(C)C,CCCCCNC(C)C
443,CC(C)=CCN(C(=O)c1ccc([N+](=O)[O-])cc1)c2ccc(cc2)S(=O)(=O)N([Na])c3nc4c(cccc4)nc3,CC(C)=CCN(C(=O)c1ccc(cc1)[N+]([O-])=O)c1ccc(cc1)S(=O)(=O)N([Na])c1c[n]c2ccccc2[n]1
444,Cl.NOCC1=CC=C(C=C1)N2N=CC=C2,Cl.NOCC1=CC=C(C=C1)N1C=CC=N1
445,OC1C=C2C(=C(O)C=1)C(=O)C3=C(C=CC=C3)O2,OC1C=C2OC3C=CC=CC=3C(=O)C2=C(O)C=1
446,C1=CC=C(C=C1)CN2C(OCC3CC3)=C(C=N2)S(=O)(O)=O,OS(=O)(=O)C1C=NN(CC2C=CC=CC=2)C=1OCC1CC1
447,C1=CC=C(C=C1)CO[C@@H](COC(=O)C2=CC=CC=C2)COS(=O)(=O)C3=CC=C(C)C=C3,CC1C=CC(=CC=1)S(=O)(=O)OC[C@H](COC(=O)C1C=CC=CC=1)OCC1C=CC=CC=1
448,OC(=O)CC1=CC=C(C=C1)C(=O)NC,CNC(=O)C1=CC=C(CC(O)=O)C=C1
449,NC(=O)C(=O)C1C2=C(C=CC=C2)N(C=1)C3=C(Cl)C=C(C=N3)C(F)(F)F,NC(=O)C(=O)C1=CN(C2N=CC(=CC=2Cl)C(F)(F)F)C2C=CC=CC=21
450,COC1=C(C=CC=C1)NC(=O)CC2N(C)C(SCC(=O)NC3C=C(C)C(C)=CC=3)=NN=2,COC1C=CC=CC=1NC(=O)CC1=NN=C(SCC(=O)NC2=CC=C(C)C(C)=C2)N1C
451,O=[N+]([O-])C1C(N)=C2C(N=CC=C2)=C(C=1)C(F)(F)F,NC1C(=CC(=C2N=CC=CC2=1)C(F)(F)F)[N+]([O-])=O
452,COCC(=O)N(CC(N)=O)c1ccc(cc1)S(=O)(=O)Nc2ncccn2,COCC(=O)N(CC(N)=O)c1ccc(cc1)S(=O)(=O)Nc1[n]ccc[n]1
453,CCOC1C(F)=C(N=CN=1)C(O)=O,CCOC1=NC=NC(C(O)=O)=C1F
454,BrC1=CC=C(C=C1)SC2=C(CCl)C(C3=CC=CC=C3)=NN2C,CN1N=C(C(CCl)=C1SC1C=CC(Br)=CC=1)C1C=CC=CC=1
455,Cl.NNC1N=C(C)C(Br)=CC=1,Cl.CC1=NC(=CC=C1Br)NN
456,COC1=C2C(CNCC2)=C(OC)C(Cl)=C1,COC1C(Cl)=CC(OC)=C2CCNCC2=1
457,CCOC(=O)C1=C(C)N2C(N=C1)=CC(C3=CC=C(OC)C=C3)=N2,CC1=C(C=NC2=CC(=NN12)C1C=CC(=CC=1)OC)C(=O)OCC
458,O.Cl.O=CC1=CC(CN(C)C)=C(OC)C=C1,O.Cl.CN(C)CC1C=C(C=O)C=CC=1OC
459,CCOC1=CC=C(C=C1)C(=O)C2S(=O)(=O)C3C(=CC(F)=CC=3)N(C4=CC=C(C=C4)C(=O)OCC)C=2,CCOC(=O)C1C=CC(=CC=1)N1C=C(C(=O)C2C=CC(=CC=2)OCC)S(=O)(=O)C2=CC=C(F)C=C12
460,ClCC(=O)N(CC(C)=O)c1cc(C)ccn1,CC(=O)CN(c1cc(C)cc[n]1)C(=O)CCl
461,C1CC(OC1)CNC2C=C(N=CC=2)C(F)(F)F,FC(F)(F)C1=CC(=CC=N1)NCC1CCCO1
462,CC1=CC(=CC=C1)C2N(N=NC=2C(O)=O)CC3=C(F)C=CC=C3F,CC1=CC(=CC=C1)C1=C(N=NN1CC1C(F)=CC=CC=1F)C(O)=O
463,CCOP(OCC)(=O)C(=O)c1cc(ccc1)C(F)(F)F,CCOP(=O)(OCC)C(=O)c1cc(ccc1)C(F)(F)F
464,CC1C=C(NN=1)C(F)(F)F,CC1C=C(NN=1)C(F)(F)F
465,c1cc2c(cc1)c(cn2)CCN3C(=O)[C@@]4(C)[C@@](CC=CC4)(C)C3=O,C[C@]12CC=CC[C@@]1(C)C(=O)N(CCc1c[nH]c3ccccc13)C2=O
466,COC(=O)C(C)N(CCc1c2c(cccc2)nc1)S(=O)(=O)c3ccccc3,COC(=O)C(C)N(CCc1c[nH]c2ccccc12)S(=O)(=O)c1ccccc1
467,COC(=O)C1=C(C)OC(C)=N1,COC(=O)C1N=C(C)OC=1C
468,C[Si](C)(C)OC(=C)C(C)(C)C,CC(C)(C)C(=C)O[Si](C)(C)C
469,O=[N+]([O-])C1N(C)C(/C=N/N2C(=O)OC(CN3CCOCC3)C2)=NC=1,CN1C(=CN=C1/C=N/N1CC(CN2CCOCC2)OC1=O)[N+]([O-])=O
470,CC(O)=O.FC1=CC=C(C=C1)C2=CC(=O)NN2,CC(O)=O.O=C1C=C(NN1)C1=CC=C(F)C=C1
471,CCOC1C(OCC2C=C(F)C=CC=2)=CC=C(C(O)=O)C=1,CCOC1=CC(=CC=C1OCC1C=C(F)C=CC=1)C(O)=O
472,N#CC1(C(O)CC2=CC=CC=C2)C3C(=CC=CC=3)CC1,N#CC1(CCC2=CC=CC=C12)C(O)CC1C=CC=CC=1
473,Cl.CCOC1C(Cl)=CC(NC(=O)CNC2=CC=CC=C2)=CC=1,Cl.CCOC1=CC=C(C=C1Cl)NC(=O)CNC1C=CC=CC=1
474,BrCCCN(CCNC(C)=O)c1ccc(cc1)c2nc(NCC3OCCC3)sc2,CC(=O)NCCN(CCCBr)c1ccc(cc1)-c1c[s]c(NCC2CCCO2)[n]1
475,CCOC(=O)C1(N)C=CCC1,CCOC(=O)C1(N)CCC=C1
476,CCOC1=C(C#N)C(C(C#N)=C(N)O1)c2c3c(cccc3)c(C)cc2,Cc1ccc(C2C(C#N)=C(N)OC(OCC)=C2C#N)c2ccccc12
477,CCN1CCN(CC1)C2=CC=C(C=C2)NC3N=C(N=CN=3)N(C)C(=O)NC4=C(Cl)C(OC)=C(Cl)C(OC)=C4Cl,CN(C(=O)NC1C(Cl)=C(OC)C(Cl)=C(OC)C=1Cl)C1N=CN=C(NC2C=CC(=CC=2)N2CCN(CC2)CC)N=1
478,CCOC(=O)C1C2=C(CCCC2)SC=1NC(=O)C3=CC=C(Br)C=C3,CCOC(=O)C1=C(NC(=O)C2C=CC(Br)=CC=2)SC2CCCCC=21
479,FC1=CC=C(C=C1)N2CCN(CC2)C3=NC4C(=CSC=4C(=O)N3)C5C(Cl)=CC=CC=5,O=C1NC(=NC2=C1SC=C2C1=CC=CC=C1Cl)N1CCN(CC1)C1C=CC(F)=CC=1
480,c1ccc(cc1)N(C(C)(C)C)c2c(O)cccc2,CC(C)(C)N(c1ccccc1O)c1ccccc1
481,CCOC(=O)C1(CC)CN(CCC1)C(=O)OCc2ccccc2,CCC1(CN(CCC1)C(=O)OCc1ccccc1)C(=O)OCC
482,CCOC(=O)\C(C#N)=C(\OC)/C=C/N(C)C,CO/C(/C=C/N(C)C)=C(\C#N)/C(=O)OCC
483,CCCCN(c1c(cccc1)C(O)=O)c2c(cccc2)[N+](=O)[O-],CCCCN(c1ccccc1C(O)=O)c1ccccc1[N+]([O-])=O
484,COC1=C(OC)C=C2C(N=C(Cl)C=C2C)=C1,CC1=CC(Cl)=NC2=CC(OC)=C(C=C12)OC
485,OC(=O)C1=C(C=C(Cl)C=C1)C2=CC(Cl)=C(F)C=C2,OC(=O)C1C=CC(Cl)=CC=1C1=CC(Cl)=C(F)C=C1
486,CCCCOC1=CC=C(C=C1)C(=O)C2=CC(C)=CC=N2,CC1C=C(N=CC=1)C(=O)C1C=CC(=CC=1)OCCCC
487,COC1=CC2C(C=C1)=C(Br)C=NC=2,COC1=CC2=CN=CC(Br)=C2C=C1
488,OCCCOC(=O)C1=CC=C(N(C)C)C=C1,CN(C)C1C=CC(=CC=1)C(=O)OCCCO
489,Cl.CC(=O)CCC(N)C(=O)OC,Cl.CC(=O)CCC(N)C(=O)OC
490,OC(=O)CC(C)N(C(C)(C)C)c1c(cccc1)[N+](=O)[O-],CC(CC(O)=O)N(c1ccccc1[N+]([O-])=O)C(C)(C)C
491,Cl.OC(=O)C(N)CCC1C(=NNC=1)C(F)(F)F,Cl.NC(CCC1=CNN=C1C(F)(F)F)C(O)=O
492,CCCCCC(=O)N(CCC)CC(=O)N(CC1=CC=C(C)C=C1)CCC2C3=C(C=CC=C3)NC=2,CC1C=CC(CN(CCC2=CNC3C=CC=CC=32)C(=O)CN(CCC)C(=O)CCCCC)=CC=1
493,CC(C)(C)OC(=O)N1CC(OCC1)C2=NC(=CC=C2)B3OC(C)(C)C(C)(C)O3,CC(C)(C)OC(=O)N1CC(OCC1)C1C=CC=C(N=1)B1OC(C)(C)C(C)(C)O1
494,COC(=O)CN(CCO)c1cc(Br)nc(Br)c1,COC(=O)CN(CCO)c1cc(Br)[n]c(Br)c1
495,COC1=CC=C(C=C1)C2=C3C(C=CC=C3)=C(Br)C=C2,COC1C=CC(=CC=1)C1C=CC(Br)=C2C=CC=CC2=1
496,NNC1C(C(O)=O)=CC=C(B(O)O)C=1,NNC1=CC(=CC=C1C(O)=O)B(O)O
497,OB(O)C1C=C(Cl)C(Cl)=CC=1,OB(O)C1C=C(Cl)C(Cl)=CC=1
498,OCC1CN(CC1)C2=NC(C)=CC(C)=N2,CC1=CC(C)=NC(=N1)N1CC(CO)CC1
499,CCOC1=CC=C(C=C1)C(O)C2=CC(Br)=CC=C2,CCOC1C=CC(=CC=1)C(O)C1=CC(Br)=CC=C1
500,CCOC1=CC=C(C=C1)C(=O)OC2C(OCC)=CC(/C=N/NC(=O)C3C=NC=CC=3)=CC=2,CCOC1=CC(/C=N/NC(=O)C2C=NC=CC=2)=CC=C1OC(=O)C1C=CC(=CC=1)OCC
501,NC(=O)C1C=C(ON=1)C2OC=CC=2,NC(=O)C1C=C(ON=1)C1=CC=CO1
502,Cl.c1ccc(cc1)COC(=O)N2CCC3(CNCC3)NC(=O)C2,Cl.O=C1CN(CCC2(CNCC2)N1)C(=O)OCc1ccccc1
503,COC(OC)CN(c1c(Br)cccc1)c2c(cccc2)[N+](=O)[O-],COC(CN(c1ccccc1Br)c1ccccc1[N+]([O-])=O)OC
504,CCCCCCCCCCCCCCCC(=O)N(Cc1cc(O)ccc1)C(C)C(O)=O,CCCCCCCCCCCCCCCC(=O)N(Cc1cc(O)ccc1)C(C)C(O)=O
505,CCOC(=O)CC(=O)N(CCCO)S(=O)(=O)c1ccccc1,CCOC(=O)CC(=O)N(CCCO)S(=O)(=O)c1ccccc1
506,FC1C=C2C(=NC=1)C=CN2C,CN1C=CC2=NC=C(F)C=C12
507,CCC1=CC=C(C=C1)CC[Si](OC)(OC)OC,CCC1=CC=C(CC[Si](OC)(OC)OC)C=C1
508,Fc1cc(c(Br)cc1)C2(C(O)=O)CC2,OC(=O)C1(CC1)c1cc(F)ccc1Br
510,OC[C@@H]1[C@@H](O)[C@H](O)[C@@H](O)[C@H](OC2=CC=C(COC(=O)CC(C(O)=O)(O)CC(=O)OCC3=CC=C(C=C3)O[C@H]4[C@H](O)[C@@H](O)[C@H](O)[C@@H](CO)O4)C=C2)O1,OC(=O)C(O)(CC(=O)OCC1C=CC(=CC=1)O[C@@H]1O[C@H](CO)[C@@H](O)[C@H](O)[C@H]1O)CC(=O)OCC1C=CC(=CC=1)O[C@@H]1O[C@H](CO)[C@@H](O)[C@H](O)[C@H]1O
511,O=S(Cl)(=O)C1C=C(OC=1)C2OCCO2,O=S(=O)(Cl)C1C=C(OC=1)C1OCCO1
512,O=[N+]([O-])c1ccc(cc1)CN(Cc2sc(Cl)nc2)C3CCCCC3,[O-][N+](=O)c1ccc(CN(Cc2c[n]c(Cl)[s]2)C2CCCCC2)cc1
513,NC(=N)NCCC[C@H](NC(=O)[C@@H](NC(=O)[C@H](CC(C)C)NC(=O)[C@H](C)NC(=O)[C@H](CC(C)C)NC(=O)[C@H]1N(CCC1)C(=O)[C@H](CCCNC(N)=N)NC2C([N+](=O)[O-])=CC([N+](=O)[O-])=CC=2)CC3C4=C(C=CC=C4)NC=3)C(=O)N[C@@H](CO)C(O)=O,C[C@H](NC(=O)[C@H](CC(C)C)NC(=O)[C@@H]1CCCN1C(=O)[C@H](CCCNC(N)=N)NC1=CC=C(C=C1[N+]([O-])=O)[N+]([O-])=O)C(=O)N[C@@H](CC(C)C)C(=O)N[C@@H](CC1=CNC2C=CC=CC1=2)C(=O)N[C@@H](CCCNC(N)=N)C(=O)N[C@@H](CO)C(O)=O
514,[NH3+]CCCO[C@@H]1CC(=C/C=C2[C@H]3[C@@](CCC\2)(C)[C@H](CC3)[C@H](C)CCCC(C)(C)O)/C(=C)CC1,CC(C)(O)CCC[C@@H](C)[C@H]1CC[C@H]2/C(/CCC[C@]12C)=C\C=C1\C[C@H](CCC\1=C)OCCC[NH3+]
515,CC1=CC=C(C=C1)CNC(=O)C2=C(N)N(CC3C=C(F)C=CC=3)N=N2,CC1C=CC(CNC(=O)C2N=NN(CC3C=C(F)C=CC=3)C=2N)=CC=1
516,C\N=C1N(C)C(=O)C(=C\C2=CC(I)=C(O)C=C2)/S\1,C/N=C1\S/C(=C/C2=CC(I)=C(O)C=C2)/C(=O)N\1C
517,CCNC(CC)C#N,CCC(C#N)NCC
518,CC(=O)NC1=CC=C(C=C1)NC2C(C)=NNC(=S)N=2,CC1=NNC(=S)N=C1NC1C=CC(=CC=1)NC(C)=O
519,OC(=O)C(C1OC=CC=1)N2CC(CCC2)NC(=O)OC(C)(C)C,CC(C)(C)OC(=O)NC1CN(CCC1)C(C(O)=O)C1=CC=CO1
520,O=C1NC2C(C1)=CC(C)=C(Br)C=2,CC1C=C2CC(=O)NC2=CC=1Br
521,Cl.C(CCNC(=O)COC1C(=CC=CC=1)[C@@H](CCC2=CC(OC)=C(OC)C=C2)OC(=O)[C@H]3N(CCCC3)C(=O)[C@@H](CC)C4=CC(OC)=C(OC)C(OC)=C4)CCCC(=O)N[C@@H](C(C)(C)C)C(=O)N5[C@@H](C[C@@H](O)C5)C(=O)N[C@@H](C)C6=CC=C(C=C6)C7=C(C)N=CS7,Cl.CC1N=CSC=1C1C=CC(=CC=1)[C@H](C)NC(=O)[C@@H]1C[C@@H](O)CN1C(=O)[C@@H](NC(=O)CCCCCCNC(=O)COC1=CC=CC=C1[C@@H](CCC1C=CC(OC)=C(C=1)OC)OC(=O)[C@@H]1CCCCN1C(=O)[C@@H](CC)C1=CC(OC)=C(OC)C(=C1)OC)C(C)(C)C
522,C1=CC=C(C=C1)COC[C@@H]2[C@H](OCC3=CC=CC=C3)[C@H](OCC4=CC=CC=C4)C=[N+]2[O-],[O-][N+]1=C[C@@H](OCC2C=CC=CC=2)[C@@H](OCC2C=CC=CC=2)[C@H]1COCC1C=CC=CC=1
523,OB(O)c1ccc(cc1)Oc2c(F)cccc2,OB(O)c1ccc(cc1)Oc1ccccc1F
524,OC[C@@H](N)C1=C(O)C(OC)=CC(OC)=C1,COC1=CC([C@H](N)CO)=C(O)C(=C1)OC
525,O=C1NC=C(C=C1)S(=O)(=O)N2CCCCCC2,O=C1C=CC(=CN1)S(=O)(=O)N1CCCCCC1
526,CC(C)C1=C(O)C=CC(N)=C1,CC(C)C1C=C(N)C=CC=1O
527,CCOC(=O)C1=NC2C(=CC(C)=NC=2)C(Cl)=C1,CC1C=C2C(=CN=1)N=C(C=C2Cl)C(=O)OCC
528,Cl.Cl.CN(C)CCNC(=O)C1CC2=C(C=CC=C2)CN1,Cl.Cl.CN(C)CCNC(=O)C1CC2C=CC=CC=2CN1
529,N#Cc1ccc(cc1)NC(=O)Cn2cc(Cl)cn2,N#Cc1ccc(cc1)NC(=O)C[n]1cc(Cl)c[n]1
530,FC1C=C2C(=CC=1)N=CC(F)=C2,FC1=CC2=CC(F)=CC=C2N=C1
531,CCCCCCCCCCCCCCCCN(c1ccc(Cl)cc1)c2c([N+](=O)[O-])cc([N+](=O)[O-])cc2,CCCCCCCCCCCCCCCCN(c1ccc(cc1[N+]([O-])=O)[N+]([O-])=O)c1ccc(Cl)cc1
532,CC(C)=CCN(C(C)=O)c1ccc(cc1)S(=O)(=O)NC(=O)c2ccccc2,CC(C)=CCN(c1ccc(cc1)S(=O)(=O)NC(=O)c1ccccc1)C(C)=O
533,COC1=C(OC)C=C(CNC(=O)CN2C(C)C3=C(CC2)C4=C(C=CC=C4)N3)C=C1,CC1C2NC3C=CC=CC=3C=2CCN1CC(=O)NCC1C=CC(OC)=C(C=1)OC
534,OC(=O)C1=C(Br)C(=NN1C)C2=CC=CC=C2,CN1N=C(C(Br)=C1C(O)=O)C1C=CC=CC=1
535,CC1=CC(=CC=C1)OCC2=CC(=CC=C2)C(O)=O,CC1=CC(=CC=C1)OCC1=CC(=CC=C1)C(O)=O
536,OC(=O)C(C)N(c1ncccc1)c2nc(Cl)cnc2,CC(C(O)=O)N(c1c[n]cc(Cl)[n]1)c1cccc[n]1
537,CC1=CC(=C(C)C=C1)N2C3=C(CCCCN3)C(=N2)C4=C5C(C=CC=C5)=CO4,CC1C=CC(C)=C(C=1)N1N=C(C2OC=C3C=CC=CC3=2)C2CCCCNC1=2
538,NC(=O)C(N)C1=CC=C(C=C1)C(F)(F)F,NC(=O)C(N)C1C=CC(=CC=1)C(F)(F)F
539,Cl.C1CC(OC1)C2C3(CC4NC(CC4)C3)C2(F)F,Cl.FC1(F)C(C2CCCO2)C21CC1CCC(C2)N1
540,OC1N=C(O)C(Br)=C(C)N=1,CC1N=C(O)N=C(O)C=1Br
541,O=C1N[C@]2([H])C(C=C1)(C)C3([H])C(CC2)([H])[C@@]4([H])C(CC3)(C)[C@@H](C(O)=O)CC4,CC12CCC3C(CC[C@@H]4NC(=O)C=CC43C)[C@@H]1CC[C@@H]2C(O)=O
542,CCCCCSSC,CSSCCCCC
543,CCOC(=O)C1C(=CSC=1N)C2C(Cl)=C(Cl)C=CC=2,CCOC(=O)C1=C(N)SC=C1C1=CC=CC(Cl)=C1Cl
544,C1=CC=C(C=C1)CCN2C(=NN=C2S)C3=CC(=CC=C3)S(=O)(=O)N(CC)CC,CCN(CC)S(=O)(=O)C1C=C(C=CC=1)C1=NN=C(S)N1CCC1C=CC=CC=1
545,[H]Cl.CN(C)CC1CNCC1,Cl.CN(C)CC1CNCC1
546,CC(C)OC1=CC=C(C=C1)C2N=C(ON=2)C3C(=O)C=CN(C4=CC(F)=CC=C4)N=3,CC(C)OC1C=CC(=CC=1)C1N=C(ON=1)C1=NN(C=CC1=O)C1=CC(F)=CC=C1
547,FC1C(F)C(F)C(F)C1F,FC1C(F)C(F)C(F)C1F
548,Brc1cc(ccc1)[C@@H]2NCCCC2,Brc1cc(ccc1)[C@H]1CCCCN1
549,OC(=O)CC(C)N(c1ncccc1)c2ccc(cc2)S(=O)(N)=O,CC(CC(O)=O)N(c1cccc[n]1)c1ccc(cc1)S(N)(=O)=O
550,CC(=O)NCCN(c1ccc(cc1)S(=O)(=O)NC(=O)c2ccccc2)C(C)(C)C(O)=O,CC(=O)NCCN(c1ccc(cc1)S(=O)(=O)NC(=O)c1ccccc1)C(C)(C)C(O)=O
551,CC1=C(Br)C2=C(C=CC=C2)C=N1,CC1N=CC2C=CC=CC=2C=1Br
552,CC1=CC(C)=C(C=C1)OC2=CC(=C(N)C=C2)C(F)(F)F,CC1=CC(C)=C(C=C1)OC1=CC(=C(N)C=C1)C(F)(F)F
553,COCC(S(=O)(=O)Cl)C1CC1,COCC(C1CC1)S(=O)(=O)Cl
554,CCCCC[C@H](O)C#C[C@@H]1[C@]2([H])[C@](CC(=C\CCCC(O)=O)/C2)([H])C[C@H]1O,CCCCC[C@H](O)C#C[C@@H]1[C@H]2C/C(/C[C@H]2C[C@H]1O)=C/CCCC(O)=O
555,OC(=O)C1=C2N(C=N1)C(=CC(C)=N2)C(F)(F)F,CC1C=C(N2C=NC(C(O)=O)=C2N=1)C(F)(F)F
556,BrC1=C(C=CC=C1)C(C2CC2)C3(N)CC3,NC1(CC1)C(C1CC1)C1C=CC=CC=1Br
557,NCC1=CN(C=N1)CC2=CC=C(Br)C=C2,NCC1=CN(CC2C=CC(Br)=CC=2)C=N1
558,COC(=O)[C@@H]1C[C@@H](CCN1)c2ccc(F)cc2,COC(=O)[C@@H]1C[C@@H](CCN1)c1ccc(F)cc1
559,Clc1ccc(cc1)N(C(=O)c2c(Br)cccc2)c3c(cccc3)S(=O)(O)=O,OS(=O)(=O)c1ccccc1N(c1ccc(Cl)cc1)C(=O)c1ccccc1Br
560,FC(F)(F)OC1C=C2C(=CC=1)C(N)CO2,NC1COC2=CC(=CC=C21)OC(F)(F)F
561,OC(=O)C[C@@](NC(=O)OC(C)(C)C)([H])CC1=CC(=CC=C1)C(F)(F)F,CC(C)(C)OC(=O)N[C@H](CC1C=CC=C(C=1)C(F)(F)F)CC(O)=O
562,CCCOC1=CC=C(C=C1)/C=C(C#N)/C(=O)OCCN2C(=O)C3C(=CC=CC=3)C2=O,CCCOC1C=CC(/C=C(\C#N)/C(=O)OCCN2C(=O)C3=CC=CC=C3C2=O)=CC=1
563,CNCC1=CN(N=C1)C2=NC=CN=C2,CNCC1=CN(N=C1)C1C=NC=CN=1
564,CC(C)(C)OC(=O)N1[C@@H](C(O)=O)CC2C(=CC(F)=CC=2)C1,CC(C)(C)OC(=O)N1CC2=CC(F)=CC=C2C[C@@H]1C(O)=O
565,OC(=O)[C@]1(N)C2=C(C=CC=C2)CCC1,N[C@@]1(CCCC2C=CC=CC1=2)C(O)=O
566,CCC1=C(N)N=CS1,CCC1SC=NC=1N
567,IC[C@@]12[C@](CC(C)(C)CC2)([H])C3[C@](CC1)(C)[C@]4(C)C(CC=3)([H])[C@@]5(C)[C@](CC4)([H])C(C)(C)[C@](O)([H])CC5,CC1(C)C[C@H]2C3=CCC4[C@]5(C)CC[C@H](O)C(C)(C)[C@@H]5CC[C@]4(C)[C@]3(C)CC[C@]2(CI)CC1
568,O=CC1C2C(=CC=CC=2)N(CC3=CC=C(I)C=C3)C=1,O=CC1=CN(CC2C=CC(I)=CC=2)C2=CC=CC=C21
569,CCOP(OCC)(=O)C(Br)(Br)P(OCC)(=O)OCC,CCOP(=O)(OCC)C(Br)(Br)P(=O)(OCC)OCC
570,NCC1(C(C)(C)O)C2OC(CC2)C1,CC(C)(O)C1(CN)CC2CCC1O2
571,NNC(C)c1cc(F)c(OC)cc1,COc1ccc(cc1F)C(C)NN
572,OC(=O)C1CN(CCC1)C2SCCN=2,OC(=O)C1CN(CCC1)C1=NCCS1
573,CC(C)(C)OC(=O)NC1=CC(Cl)=CC(Cl)=C1,CC(C)(C)OC(=O)NC1C=C(Cl)C=C(Cl)C=1
574,FC(F)OCC1CNC1,FC(F)OCC1CNC1
575,OC(=O)C1=CC([N+](=O)[O-])=C(C=C1)OC2=CC(Cl)=CC(Cl)=C2,[O-][N+](=O)C1C=C(C=CC=1OC1C=C(Cl)C=C(Cl)C=1)C(O)=O
576,CC(C)(C)OC(=O)N1CC(CC2CNC2)C1,CC(C)(C)OC(=O)N1CC(C1)CC1CNC1
577,OC(=O)c1nn(cc1)C2CN(C(=O)OC(C)(C)C)C2,CC(C)(C)OC(=O)N1CC(C1)[n]1ccc([n]1)C(O)=O
578,NCCc1cc(OC)c(cc1)C(=O)OC,COC(=O)c1ccc(CCN)cc1OC
579,Cl.OC(C(C)(C)N)C(F)(F)F,Cl.CC(C)(N)C(O)C(F)(F)F
580,OB(O)C1C=NC(=CC=1)C2=CCCCC2,OB(O)C1C=NC(=CC=1)C1CCCCC=1
581,S=C=NC(=O)COC1=C(F)C=CC=C1,O=C(COC1C=CC=CC=1F)N=C=S
582,CCOC(=O)C1=NN(C=C1)CC2=CC=CC=C2,CCOC(=O)C1C=CN(CC2C=CC=CC=2)N=1
583,C=CCN1C(=O)\C(C(=O)NC1=S)=C/C2=C(C)N(C(C)=C2)C3=CC=C(C(C)C)C=C3,CC1=C(/C=C2/C(=O)NC(=S)N(CC=C)C/2=O)C=C(C)N1C1C=CC(=CC=1)C(C)C
584,CSC1=C(C=CC=C1)C2C=C(C(O)=O)C=C(O)C=2,CSC1C=CC=CC=1C1=CC(O)=CC(=C1)C(O)=O
585,N#CC1C(F)=CC(Cl)=CC=1,N#CC1=CC=C(Cl)C=C1F
586,OC(=O)C1CN(C(C)CC1)C(=O)CC2SC=CC=2,CC1CCC(CN1C(=O)CC1=CC=CS1)C(O)=O
587,CCOC(=O)CC1N=C(ON=1)C2C=C(C=CC=2)C(F)(F)F,CCOC(=O)CC1N=C(ON=1)C1C=C(C=CC=1)C(F)(F)F
588,COC1=CC(=CC(=C1)N2CCN(CC2)C(=O)OC(C)(C)C)B3OC(C)(C)C(C)(C)O3,CC(C)(C)OC(=O)N1CCN(CC1)C1C=C(C=C(C=1)OC)B1OC(C)(C)C(C)(C)O1
589,OCC[C@@H](N)C1=CC2C(C=C1)=CC3C(=CC=CC=3)C=2,N[C@H](CCO)C1=CC2=CC3=CC=CC=C3C=C2C=C1
590,CCCOC(=O)CN(CCC(O)=O)CC(O)C(=O)OC,COC(=O)C(O)CN(CCC(O)=O)CC(=O)OCCC
591,CCN(CC)C(C(O)=O)CC1C=C2C(OCO2)=CC=1,CCN(CC)C(CC1C=C2OCOC2=CC=1)C(O)=O
592,FC1C(=CC=CC=1)NC(=O)CSC2N(CC)C(=O)C3=C(N=2)C4=C(C=CC=C4)O3,CCN1C(=NC2=C(OC3C=CC=CC=32)C1=O)SCC(=O)NC1=CC=CC=C1F
593,BrCCCC1C(=CC(O)=CC=1)B(O)O,OC1C=C(B(O)O)C(CCCBr)=CC=1
594,COC1C2C(C=C(Br)C=1)=C(C)N=C(N)N=2,CC1N=C(N)N=C2C=1C=C(Br)C=C2OC
595,O=[N+]([O-])C1=CC(=C(OC)C=C1)C23CC4CC(CC(C4)C3)C2,COC1C=CC(=CC=1C12CC3CC(C1)CC(C2)C3)[N+]([O-])=O
596,COC1=CC(=CC=C1)NC(=O)C2C(N)=CC=CC=2,COC1=CC(=CC=C1)NC(=O)C1=CC=CC=C1N
597,CC(=O)C1=NC(=NC=C1)C(F)(F)F,CC(=O)C1C=CN=C(N=1)C(F)(F)F
598,COCC(=O)N(C(=O)CCl)c1ccc(N(C)C)cc1,CN(C)c1ccc(cc1)N(C(=O)COC)C(=O)CCl
599,O=[N+]([O-])C1=CC([N+](=O)[O-])=C(C=C1)N2C(C)=C(C=O)C(C)=N2,CC1=NN(C2C=CC(=CC=2[N+]([O-])=O)[N+]([O-])=O)C(C)=C1C=O
600,CNCC1C(=CC(Cl)=CC=1)C(F)(F)F,CNCC1=CC=C(Cl)C=C1C(F)(F)F
601,N#CCC1C=C(ON=1)C2=CC=C(Cl)C=C2,N#CCC1C=C(ON=1)C1C=CC(Cl)=CC=1
602,CCN(CC1=CC=CC=C1)CC2NCCC2,CCN(CC1CCCN1)CC1C=CC=CC=1
603,COCC(=O)N(S(=O)(C)=O)C(CC)c1ccccc1,CCC(c1ccccc1)N(C(=O)COC)S(C)(=O)=O
604,c1ccc(cc1)CN(C(C)(C)C)c2c(Cl)ccc(Cl)c2,CC(C)(C)N(Cc1ccccc1)c1cc(Cl)ccc1Cl
605,CC(C)CCNC(C)C(=O)c1cc2c(OCCO2)cc1,CC(C)CCNC(C)C(=O)c1cc2OCCOc2cc1
606,CC1OC(=CC=1)\C=C\C(=O)N2CCN(CC2)C3C4=C5C(CCCC5)=NN4C=CN=3,CC1=CC=C(/C=C/C(=O)N2CCN(CC2)C2=NC=CN3N=C4CCCCC4=C32)O1
607,O=CC(C)(C)C1COCCC1,CC(C)(C=O)C1COCCC1
608,N#CC1C=C(C(OCC2=CC=CC=C2)=CC=1)B3OCC(C)(C)CO3,CC1(C)COB(OC1)C1=CC(=CC=C1OCC1C=CC=CC=1)C#N
609,CCNC1C=C2C(NC=C2)=CC=1,CCNC1C=C2C=CNC2=CC=1
610,COC1C(N)=C(C)C(Cl)=NC=1,CC1C(Cl)=NC=C(OC)C=1N
611,Cl.CCCCNCC1=CC=C(OC)C=C1,Cl.CCCCNCC1=CC=C(C=C1)OC
612,CNC1SC(=C(C)N=1)C(=O)C2=CC=C(C)C=C2,CC1C=CC(=CC=1)C(=O)C1SC(NC)=NC=1C
613,N1CCC(CC1)C2C3C(=CC=CC=3)CCO2,C1COC(C2CCNCC2)C2=CC=CC=C21
614,NC(=O)C1C2C(=CC(Br)=C(Br)C=2)NC=1,NC(=O)C1=CNC2=CC(Br)=C(Br)C=C12
615,CCC1C([N+](=O)[O-])=CC(Br)=NC=1,CCC1=CN=C(Br)C=C1[N+]([O-])=O
616,CC(C)(C)OC(=O)N1CC(CCC1)CNC(C)C2NC=CC=2,CC(NCC1CN(CCC1)C(=O)OC(C)(C)C)C1=CC=CN1
617,CCCC(=O)N(C(C)c1ccccc1)C(=O)c2ccccc2,CCCC(=O)N(C(C)c1ccccc1)C(=O)c1ccccc1
618,CCOC(=O)C1=C(Cl)C2C(N=C1)=C(C=CC=2)C3=CC=CC=C3,CCOC(=O)C1C=NC2C(=CC=CC=2C2C=CC=CC=2)C=1Cl
619,OC(=O)/C=C/C(=O)N1CC2C(COC2)CC1,OC(=O)/C=C/C(=O)N1CCC2COCC2C1
620,FC1=C(Cl)C(=CC=C1)C(=O)C2CC2,O=C(C1CC1)C1=CC=CC(F)=C1Cl
621,CSc1n(S(=O)(C)=O)nc(n1)c2occc2,CSc1[n]c([n][n]1S(C)(=O)=O)-c1ccco1
622,SC(=N\N=C\C1C(Cl)=C(Cl)C=CC=1Cl)/NC2=CC=CC=C2,S/C(/NC1C=CC=CC=1)=N\N=C\C1C(Cl)=C(Cl)C=CC=1Cl
623,BrC1C=C2C(=CC=1)C3(CN2)CC3,BrC1C=C2NCC3(CC3)C2=CC=1
624,OC1=NC=C(C=C1)C2=CC=C(Cl)C=C2,OC1C=CC(=CN=1)C1C=CC(Cl)=CC=1
625,CSC1C=C(C=CC=1)C2=C(O)N=CC(C(O)=O)=C2,CSC1C=C(C=CC=1)C1C=C(C=NC=1O)C(O)=O
626,NC1=CC(=C(C)C=C1)C(=O)C(F)(F)F,CC1C=CC(N)=CC=1C(=O)C(F)(F)F
627,CC(N)COCC1=CC(Cl)=CC(Cl)=C1,CC(N)COCC1C=C(Cl)C=C(Cl)C=1
628,ClC1=NN=C(C=C1)NC2CC(C)(C)NC(C)(C)C2,CC1(C)CC(CC(C)(C)N1)NC1C=CC(Cl)=NN=1
629,C=CC1=C(B(O)O)C=C(F)C=C1,C=CC1C=CC(F)=CC=1B(O)O
630,O=C1CSCCSC1,O=C1CSCCSC1
631,BrCCC(C)N(C(C)(C)C)c1c(C)cc(Br)c(C)c1,Cc1cc(Br)c(C)cc1N(C(C)CCBr)C(C)(C)C
632,OC(=O)CC1NC(=NN=1)C2=CC=C(Cl)C=C2,OC(=O)CC1NC(=NN=1)C1C=CC(Cl)=CC=1
633,c1ccc(cc1)C(=O)NS(=O)(=O)c2ccc(cc2)N(c3ncccc3)C(=O)c4ccccc4,O=C(c1ccccc1)N(c1cccc[n]1)c1ccc(cc1)S(=O)(=O)NC(=O)c1ccccc1
634,Cl.N[C@H]1C[C@H](F)CC1,Cl.N[C@H]1C[C@H](F)CC1
635,CCCCOC(=O)CN(C(C)C(=O)OC)c1sc(=S)nn1,COC(=O)C(C)N(CC(=O)OCCCC)c1[n][nH]c(=S)[s]1
636,C=CCOc1cc(ccc1)B2OC(C)(C)C(C)(C)O2,CC1(C)OB(OC1(C)C)c1cc(ccc1)OCC=C
637,ClC1C=C(NCC2NCCC2)C(C)=CC=1,CC1=CC=C(Cl)C=C1NCC1CCCN1
638,OC(=O)C1C=C(N(C)N=1)C2N(C)C(S)=NN=2,CN1C(S)=NN=C1C1=CC(=NN1C)C(O)=O
639,OCC(O)CN(C(CC(C)C)C(O)=O)c1cc(C)c(cc1)S(=O)(O)=O,Cc1cc(ccc1S(O)(=O)=O)N(CC(O)CO)C(CC(C)C)C(O)=O
640,COC(=O)C1=CC(O)=C(N(C)C)C=C1,COC(=O)C1=CC(O)=C(C=C1)N(C)C
641,CCCCCCCCC(=O)N(CC(O)CO)c1c(cccc1)C(O)=O,CCCCCCCCC(=O)N(CC(O)CO)c1ccccc1C(O)=O
642,CC(C)CN1C2=C(C(C)CC2)C(O)=N1,CC(C)CN1N=C(O)C2C(C)CCC1=2
643,Br.BrCC1=CC(N)=CC=C1,Br.NC1C=C(CBr)C=CC=1
644,CNC(C(N)=O)(C)C1=CC=NC=C1,CNC(C)(C(N)=O)C1C=CN=CC=1
645,ClC1=CC=C(C=C1)C2=C3N(N=C2C)C4=C(C=N3)C(=O)N(CCC5C6=C(C=CC=C6)NC=5)C=C4,CC1=NN2C3C=CN(CCC4=CNC5C=CC=CC4=5)C(=O)C=3C=NC2=C1C1C=CC(Cl)=CC=1
646,CCOC(=O)C(C(=O)OCC)N(Cc1cc(F)ccc1)C(=O)c2ccccc2,CCOC(=O)C(C(=O)OCC)N(Cc1cc(F)ccc1)C(=O)c1ccccc1
647,CCCNCC1SC=CC=1,CCCNCC1=CC=CS1
648,OC(=O)C1=CN(N=C1)CC2=CC=C(C=C2)C(F)(F)F,OC(=O)C1C=NN(CC2C=CC(=CC=2)C(F)(F)F)C=1
649,CCN(CC)CCNC(=O)c1c(OCC=C)cc(cc1)C(F)(F)F,CCN(CCNC(=O)c1ccc(cc1OCC=C)C(F)(F)F)CC
650,COC1=CC=C(C=C1)NC2=CN(C)N=C2,COC1C=CC(=CC=1)NC1C=NN(C)C=1
651,FC1=CC(=CC=C1)C2=NNNN2,FC1=CC(=CC=C1)C1NNNN=1
652,OC(=O)CCC1C(CC(C)C)=NNC=1,CC(C)CC1=NNC=C1CCC(O)=O
653,CCOC(=O)C1=CC=C(C=C1)[C@H](C)N2C(=O)CC(=N2)C3=CC(Cl)=CC(Cl)=C3,CCOC(=O)C1C=CC(=CC=1)[C@H](C)N1N=C(CC1=O)C1C=C(Cl)C=C(Cl)C=1
654,N#CNC(=N)NS(=O)(=O)c1ccc(C)cc1.CC(N)Cc1ccccc1,Cc1ccc(cc1)S(=O)(=O)NC(=N)NC#N.CC(N)Cc1ccccc1
655,O=C1CCC(CC1)(C#N)C2C(Cl)=CC(Cl)=CC=2,N#CC1(CCC(=O)CC1)C1=CC=C(Cl)C=C1Cl
656,COCC(=O)N(CCO)c1c(C)ccc([N+](=O)[O-])c1,Cc1ccc(cc1N(CCO)C(=O)COC)[N+]([O-])=O
657,CCOC(=O)NC(CN)c1ccccc1,CCOC(=O)NC(CN)c1ccccc1
658,ClC1=CC=C(C=C1)C2=C(N)N(N=C2)C3=CC(Cl)=C(F)C=C3,NC1=C(C=NN1C1=CC(Cl)=C(F)C=C1)C1C=CC(Cl)=CC=1
659,OCC1CCN(CC1)C(=O)C2C(C)=CC=C(N)C=2,CC1=CC=C(N)C=C1C(=O)N1CCC(CO)CC1
660,NC(=O)C1=CC(C)=NC(C)=C1,CC1=CC(=CC(C)=N1)C(N)=O
661,C1=CC=C(C=C1)NC(=O)CC2C(=O)N(CC)C(/S2)=N\S(=O)(=O)C3SC=CC=3,CCN1/C(=N\S(=O)(=O)C2=CC=CS2)/SC(CC(=O)NC2C=CC=CC=2)C1=O
662,ClC1=CC=C(C=C1)C2N=C(C(O)=O)C(C(O)=O)=NC=2,OC(=O)C1=NC(=CN=C1C(O)=O)C1C=CC(Cl)=CC=1
663,CCCCCCCCCCCCCCN(CCCCCl)c1c(C)cc(Br)c(C)c1,CCCCCCCCCCCCCCN(CCCCCl)c1cc(C)c(Br)cc1C
664,[Tl+].O=Cl(=O)[O-],[Tl+].[O-]Cl(=O)=O
665,N#CCC1C(Cl)(Cl)C1,N#CCC1CC1(Cl)Cl
666,C1CN(CC1)C2=C(F)C=C(C=C2)C=C3C(=O)C4C(=CC=CC=4)C3=O,O=C1C(=CC2=CC(F)=C(C=C2)N2CCCC2)C(=O)C2=CC=CC=C12
667,COC1=CC=C(C=C1)C(=O)OC(C2=CC=CC=C2)C(=O)C3=CC=C(C)C=C3,CC1C=CC(=CC=1)C(=O)C(OC(=O)C1C=CC(=CC=1)OC)C1C=CC=CC=1
668,[N-]=[N+]=NCCCN1CCCC1,[N-]=[N+]=NCCCN1CCCC1
669,NCCCC[C@H]1C(=O)N[C@H](CC2=CC=C(O)C=C2)C(=O)N[C@H](CSSC(C)(C)[C@H](NC(=O)[C@@H](N)CC(O)=O)C(=O)N[C@H](CC3=CC=CC=C3)C(=O)N[C@H](C(=O)N1)CC4C5=C(C=CC=C5)NC=4)C(=O)N[C@@H](C(C)C)C(O)=O,CC(C)[C@H](NC(=O)[C@H]1CSSC(C)(C)[C@H](NC(=O)[C@@H](N)CC(O)=O)C(=O)N[C@H](CC2=CC=CC=C2)C(=O)N[C@@H](CC2=CNC3C=CC=CC2=3)C(=O)N[C@@H](CCCCN)C(=O)N[C@H](CC2=CC=C(O)C=C2)C(=O)N1)C(O)=O
670,OC[C@H](N)C1=CC(F)=CC(F)=C1,N[C@@H](CO)C1C=C(F)C=C(F)C=1
671,NC1=CC2C(C=C1)=CN(C3=CC=CC=C3)N=2,NC1=CC2=NN(C=C2C=C1)C1C=CC=CC=1
672,NCC1[C@@H](O)C(O)[C@@H](N)[C@H](O1)O[C@H]2C(O)[C@@H](O)C(N)CC2N,NCC1O[C@H](O[C@H]2C(O)[C@@H](O)C(N)CC2N)[C@H](N)C(O)[C@@H]1O
673,C=CCCOCCC(=O)OC(C)(C)C,CC(C)(C)OC(=O)CCOCCC=C
674,O=C(OCC1=CC=CC=C1)NCC2CNC2.OC(=O)C(F)(F)F,OC(=O)C(F)(F)F.O=C(NCC1CNC1)OCC1C=CC=CC=1
675,OCCCCN(CCO)c1c(C)cc(\N=N\c2c(C)cccc2)cc1,Cc1ccccc1/N=N/c1cc(C)c(cc1)N(CCO)CCCCO
676,Cl.FC(F)CN1CCC(CC1)C(=O)OC,Cl.COC(=O)C1CCN(CC(F)F)CC1
677,FC1C(N)=NC(=CC=1)C(F)(F)F,NC1=NC(=CC=C1F)C(F)(F)F
678,CCOC(=O)C1C(C1)C2C(Cl)=CC(=CN=2)C(F)(F)F,CCOC(=O)C1CC1C1=NC=C(C=C1Cl)C(F)(F)F
679,C(COCCOCCOCCOCCOCCOCCOCCOCCOCCOCCOCCOCCOCCOCCOCCOCCSC(C1=CC=CC=C1)(C2=CC=CC=C2)C3=CC=C(C=C3)OC)OCCOCCOCCOCCC(O)=O,COC1C=CC(=CC=1)C(SCCOCCOCCOCCOCCOCCOCCOCCOCCOCCOCCOCCOCCOCCOCCOCCOCCOCCOCCOCCOCCC(O)=O)(C1C=CC=CC=1)C1C=CC=CC=1
680,O=S(F)(=O)C1C2C(=NC=NC=2)NC=1,O=S(=O)(F)C1=CNC2=NC=NC=C12
681,CCCCCCCCCCCCCCCC(=O)N(CC(O)C(=O)OC)S(=O)(=O)c1c(C)cc(C)cc1C,CCCCCCCCCCCCCCCC(=O)N(CC(O)C(=O)OC)S(=O)(=O)c1c(C)cc(C)cc1C
682,CNC1N=CC(=CC=1)B(O)O,CNC1=CC=C(C=N1)B(O)O
683,CCCCOC(=O)C(CC)C(=O)OCCCC,CCC(C(=O)OCCCC)C(=O)OCCCC
684,O=[N+]([O-])c1ccc(cc1)N(c2ccccc2)c3c(C)cc(Br)c(C)c3,Cc1cc(Br)c(C)cc1N(c1ccc(cc1)[N+]([O-])=O)c1ccccc1
685,NC(=O)C1CCN(CC1)C2=CC(N)=CC=C2,NC1C=C(C=CC=1)N1CCC(CC1)C(N)=O
686,CCC(C(=O)C1=CC=C(Cl)C=C1)C2=CC=CC=C2,CCC(C(=O)C1C=CC(Cl)=CC=1)C1C=CC=CC=1
687,CCCc1ccc(cc1)N(CC(OC)OC)c2ccc(Cl)cc2,CCCc1ccc(cc1)N(CC(OC)OC)c1ccc(Cl)cc1
688,CC(=O)NC1=CC(=CC=C1)N2C(S)=NN=C2,CC(=O)NC1=CC(=CC=C1)N1C=NN=C1S
689,ClC1=CC(=CC(=N1)N(C)S(=O)(C)=O)C(F)(F)F,CN(C1C=C(C=C(Cl)N=1)C(F)(F)F)S(C)(=O)=O
690,N#CC1C(I)=CC=CC=1,N#CC1=CC=CC=C1I
691,NC1=CC=C(C=C1)S(=O)(=O)N2C(C)CCCC2C,CC1CCCC(C)N1S(=O)(=O)C1C=CC(N)=CC=1
692,[H]Cl.[H]Cl.CCN(CC)CCNCC1C(C)=NN(CCC)C=1,Cl.Cl.CC1=NN(CCC)C=C1CNCCN(CC)CC
693,COC(=O)[C@@H]1[C@H](CNC1=O)C2C=C(F)C=CC=2,COC(=O)[C@@H]1[C@H](CNC1=O)C1C=C(F)C=CC=1
694,CCC1=C(C=CC=C1)N2CCN(CC2)S(=O)(=O)C3=C(OC)C=CC(C)=C3,CC1C=CC(OC)=C(C=1)S(=O)(=O)N1CCN(CC1)C1C=CC=CC=1CC
695,C1=CC=C(C=C1)NCN2C3=C(C=CC=C3)N=N2,C(NC1C=CC=CC=1)N1N=NC2C=CC=CC1=2
696,Cc1cc(cc(C)c1)n2nc(C(O)=O)c(=O)cc2,Cc1cc(cc(C)c1)-[n]1ccc(=O)c([n]1)C(O)=O
697,C=CC1SC=NC=1,C=CC1=CN=CS1
698,O=CC1=C2N(N=CN=C2Cl)C=C1,O=CC1C=CN2N=CN=C(Cl)C2=1
699,O=CC1=CN=C(C=C1)OC2CCCCC2,O=CC1C=CC(=NC=1)OC1CCCCC1
700,BrCC1N=CC(=CC=1)C2=NC=CC=C2,BrCC1=CC=C(C=N1)C1C=CC=CN=1
701,COC1C(C(C)=O)=C(OC)C=C(Br)C=1,CC(=O)C1C(=CC(Br)=CC=1OC)OC
702,OC(=O)CNC(=O)[C@H](Cc1ccc(OC(C)(C)C)cc1)NC(=O)[C@H](Cc2ccc(OC(C)(C)C)cc2)NC(=O)OCC3c4c(cccc4)c5c3cccc5,CC(C)(C)Oc1ccc(C[C@H](NC(=O)OCC2c3ccccc3-c3ccccc32)C(=O)N[C@@H](Cc2ccc(cc2)OC(C)(C)C)C(=O)NCC(O)=O)cc1
703,CCCC(=O)N(CC(=O)c1ccccc1)c2c(cccc2)C(O)=O,CCCC(=O)N(CC(=O)c1ccccc1)c1ccccc1C(O)=O
704,CC1=CC(=C(C)C=C1)C2=C3N(N=C2C)C(=O)C(C(O)=O)=CN3,CC1=CC(C2=C3NC=C(C(O)=O)C(=O)N3N=C2C)=C(C)C=C1
705,CC(C)OC(=O)CCc1ccc(OC)cc1,COc1ccc(CCC(=O)OC(C)C)cc1
706,CC(C)OC1=CC=C(C=C1)C(=O)C2SC(=CC=2)C3OCCO3,CC(C)OC1=CC=C(C=C1)C(=O)C1=CC=C(S1)C1OCCO1
707,CC(N)Cc1c2c(ccc1)cco2,CC(N)Cc1cccc2ccoc21
708,ClC1=CC=C(C=C1)N2C(=O)\C(=C/NC3=CC4=C(C=C3)N(C)C(=O)N4C)C(=O)NC2=O,CN1C2C=C(C=CC=2N(C)C1=O)N/C=C1/C(=O)NC(=O)N(C2C=CC(Cl)=CC=2)C/1=O
709,CC(C)C(N)C1=CC(=CC(Br)=C1)C(F)(F)F,CC(C)C(N)C1=CC(=CC(Br)=C1)C(F)(F)F
710,COC(=O)C1=CC(NN)=C(C)C=C1,CC1C=CC(=CC=1NN)C(=O)OC
711,CN(C)CCCNC1CS(=O)(=O)C1,CN(C)CCCNC1CS(=O)(=O)C1
712,BrCCCN(C(C)CC(O)=O)S(=O)(=O)CC,CCS(=O)(=O)N(CCCBr)C(C)CC(O)=O
713,O=C(NCCCCCCNC(=O)CCCC[C@H]1C2C(CS1)NC(=O)N2)CCSSc3ncccc3,O=C(CCSSc1cccc[n]1)NCCCCCCNC(=O)CCCC[C@@H]1SCC2NC(=O)NC21
714,CC(=O)C1=CC=C(C=C1)NC(=O)C2C(=O)OC3=C(C=C(Br)C=C3Br)C=2,CC(=O)C1C=CC(=CC=1)NC(=O)C1=CC2C=C(Br)C=C(Br)C=2OC1=O
715,FC1C(Br)=CC2=C(C=CN2)C=1,FC1=CC2C=CNC=2C=C1Br
716,OC(=O)C1C(=CC=CC=1)C(=O)C2C(O)=C(I)C(O)=C(I)C=2,OC(=O)C1=CC=CC=C1C(=O)C1=CC(I)=C(O)C(I)=C1O
717,ClC1=CC2C(C=C1)=CC=C(\C=C\C3=CC(=CC=C3)[C@@H](C[C@H](O)C4C(=CC=CC=4)C(C)(C)O)SCC5(CC(=O)[O-])CC5)N=2,CC(C)(O)C1=CC=CC=C1[C@@H](O)C[C@@H](SCC1(CC([O-])=O)CC1)C1C=C(C=CC=1)/C=C/C1=CC=C2C=CC(Cl)=CC2=N1
718,FC1C2=C(NCC2)C(Cl)=CC=1,FC1=CC=C(Cl)C2NCCC=21
719,C1=CC2=C(C=C1)C(=O)N(CCSC3C4C5=C(CCC5)SC=4N=CN=3)C2=O,O=C1C2C=CC=CC=2C(=O)N1CCSC1=NC=NC2SC3CCCC=3C=21
720,O=C1C(=O)CCN(CC1)C2C(F)=C(F)C=CC=2,O=C1CCN(CCC1=O)C1=CC=CC(F)=C1F
721,ClCC(=O)N(CC)C1CN(CC1)C(=O)OC(C)(C)C,CCN(C1CN(CC1)C(=O)OC(C)(C)C)C(=O)CCl
722,Nc1cc2c(cc1)OCC(F)(F)C(F)(F)CO2,Nc1cc2OCC(F)(F)C(F)(F)COc2cc1
723,CCOC(=O)CC(=O)CN(c1c(Cl)ccc(Cl)c1)c2c(C)cc(Br)c(C)c2,CCOC(=O)CC(=O)CN(c1cc(C)c(Br)cc1C)c1cc(Cl)ccc1Cl
724,CCOC1=CC=C(C=C1)C2C(=NON=2)NC(=O)C3=C(C)C4C(=CC=C(F)C=4)O3,CC1C2=CC(F)=CC=C2OC=1C(=O)NC1=NON=C1C1=CC=C(C=C1)OCC
725,C1[C@@H](O1)C2C[C@@H]3[C@H](CC2)O3,C1[C@H]2O[C@H]2CCC1[C@H]1CO1
726,COC(=O)C(=O)CC(=O)C1=CC=C(C=C1)C2CCCCC2,COC(=O)C(=O)CC(=O)C1C=CC(=CC=1)C1CCCCC1
727,F[B-](F)(F)F.F[B-](F)(F)F.C1CC(CC1)[PH+](CCCC[PH+](C2CCCC2)C3CCCC3)C4CCCC4,F[B-](F)(F)F.F[B-](F)(F)F.C(CCC[PH+](C1CCCC1)C1CCCC1)[PH+](C1CCCC1)C1CCCC1
728,OC(=O)[C@H]1[C@@](OCCC1)(O)C(F)(F)F,O[C@@]1(OCCC[C@H]1C(O)=O)C(F)(F)F
729,Cc1ccc(cc1)[C@]23[C@@H](C(O)=O)[C@H](OC3)C2,Cc1ccc(cc1)[C@]12C[C@@H](OC1)[C@@H]2C(O)=O
730,OC(=O)C1=CC=C(C=C1)NC2=C(C3=CC=CC=C3)C(=O)C4=C2C=CC=C4,OC(=O)C1C=CC(=CC=1)NC1=C(C2C=CC=CC=2)C(=O)C2C=CC=CC1=2
731,CCCCCCCCCCC(C(C)C)C(=O)[O-],CC(C)C(CCCCCCCCCC)C([O-])=O
732,O[C@@H]1CN(CCC1)C2=NC3C(=CC=C([N+](=O)[O-])C=3)O2,[O-][N+](=O)C1C=C2N=C(OC2=CC=1)N1C[C@@H](O)CCC1
733,OCC1N(C)N=C([N+](=O)[O-])C=1,CN1N=C(C=C1CO)[N+]([O-])=O
734,OC1=CC(\C=C\C2=CC=CC=C2)=CC(O)=C1,OC1=CC(=CC(O)=C1)/C=C/C1C=CC=CC=1
735,OC(=O)C1=CC2=C(NC=C=C2)C=C1,OC(=O)C1=CC2C=C=CNC=2C=C1
736,BrC1C=NC(=CC=1)N2C(=O)CC(C)=N2,CC1CC(=O)N(N=1)C1=CC=C(Br)C=N1
737,OCCOCCOCC/N=C(O)/CCCCC1SSCC1,OCCOCCOCC/N=C(\O)/CCCCC1CCSS1
738,O=[N+]([O-])C1=CC=C(C=C1)C(=O)CC(F)(F)F,[O-][N+](=O)C1C=CC(=CC=1)C(=O)CC(F)(F)F
739,CCOC(=O)C1C=C(OC)C(F)=CC=1,COC1=CC(=CC=C1F)C(=O)OCC
740,CC(C)(C)OC(=O)N1CC(CCC1)C2C=C(C=C(Cl)N=2)B3OC(C)(C)C(C)(C)O3,CC(C)(C)OC(=O)N1CC(CCC1)C1C=C(C=C(Cl)N=1)B1OC(C)(C)C(C)(C)O1
741,[H]Cl.CCOC(=O)C1C(C)NCCC1,Cl.CC1NCCCC1C(=O)OCC
742,CSC(F)(F)C(=O)C1OC(C)=CC=1,CC1=CC=C(O1)C(=O)C(F)(F)SC
743,C=CCN(c1ccc(Cl)cc1)C2CN(CC2)C(=O)OC(C)(C)C,CC(C)(C)OC(=O)N1CCC(C1)N(CC=C)c1ccc(Cl)cc1
744,NC(=O)CN(c1ncccc1)c2c3c(nccn3)c(Br)cc2,NC(=O)CN(c1ccc(Br)c2[n]cc[n]c12)c1cccc[n]1
745,CCCCCCCCCCOC(=O)CCCCCCCCC(=O)OCCCCCCCCCC,CCCCCCCCCCOC(=O)CCCCCCCCC(=O)OCCCCCCCCCC
746,N/N=C/C(=O)NCC(=O)NN,NNC(=O)CNC(=O)/C=N/N
747,N#CC1C(=O)NC2C(=CC=CC=2)N=1,N#CC1=NC2=CC=CC=C2NC1=O
748,NCCC1(CCCCCC1)N(C)C,CN(C)C1(CCN)CCCCCC1
749,CCOc1sc(c(n1)c2ccccc2)S(=O)(=O)c3ccc(Cl)cc3,CCOc1[n]c(c([s]1)S(=O)(=O)c1ccc(Cl)cc1)-c1ccccc1
750,CC(C)(C)OC(=O)[C@@H]1N(C1)C(=O)OC(C)(C)C,CC(C)(C)OC(=O)N1C[C@@H]1C(=O)OC(C)(C)C
751,COC1C=C2C(=CC=1)C(=O)N(CC(O)=O)C=N2,COC1C=C2N=CN(CC(O)=O)C(=O)C2=CC=1
752,NCC(F)(F)CN1CC(O)C1,NCC(F)(F)CN1CC(O)C1
753,C(CCCCNCC(O)c1cc(CO)c(O)cc1)COCCCCc2ccccc2.OC(=O)c1ccc(C(O)=O)cc1,OCc1cc(ccc1O)C(O)CNCCCCCCOCCCCc1ccccc1.OC(=O)c1ccc(cc1)C(O)=O
754,N#CC1=C(NN=C1)NCC2C(O)=C(OC)C=CC=2,COC1C=CC=C(CNC2NN=CC=2C#N)C=1O
755,O=[N+]([O-])c1ccc(cc1)CN(c2cc(ccc2)[N+](=O)[O-])c3c(cccc3)S(=O)(O)=O,[O-][N+](=O)c1cc(ccc1)N(Cc1ccc(cc1)[N+]([O-])=O)c1ccccc1S(O)(=O)=O
756,O\N=C(/C1C(N)=NON=1)N2CC3=C(C=CC=C3)C2,NC1=NON=C1/C(=N\O)/N1CC2C=CC=CC=2C1
757,CCCCCCCCC(C(O)=O)N(C(C)CC(O)=O)c1cc(ccc1)C(F)(F)F,CC(CC(O)=O)N(C(CCCCCCCC)C(O)=O)c1cc(ccc1)C(F)(F)F
758,COC1=CC2=C(C=C1)N(O)C(=O)[C@@H](O)O2,COC1=CC2O[C@H](O)C(=O)N(O)C=2C=C1
759,CCCCCCCCCCCCCCCCN(CC(=O)OCCC)Cc1cc(O)ccc1,CCCCCCCCCCCCCCCCN(Cc1cccc(O)c1)CC(=O)OCCC
760,COC(=O)C1C=C(C(F)(F)F)C(=CC=1)C(F)(F)F,COC(=O)C1C=C(C(=CC=1)C(F)(F)F)C(F)(F)F
761,O=C1C(F)(F)COC1,O=C1COCC1(F)F
762,OP(=O)(O)OC[C@]1([H])[C@](O)([H])[C@](O)([H])[C@](O)([H])O1,O[C@H]1[C@@H](O)O[C@H](COP(O)(O)=O)[C@H]1O
763,OC(=O)[C@H]1C(C)(C)OC(=O)C1,CC1(C)OC(=O)C[C@H]1C(O)=O
764,Cl.OC(=O)[C@@H]1CC(CN1)N2CCCCC2,Cl.OC(=O)[C@@H]1CC(CN1)N1CCCCC1
765,OC(=O)C1C=N(=O)C(C(O)=O)=CC=1,OC(=O)C1=CC=C(C=N1=O)C(O)=O
766,CCCC(=O)N(CC(=O)OC)N1C(=S)SCC1=O,CCCC(=O)N(CC(=O)OC)N1C(=S)SCC1=O
767,COC(=O)C1(CC1)C2C=C(N)C=CC=2,COC(=O)C1(CC1)C1C=C(N)C=CC=1
768,CC(C)(C)OC(=O)NC1=C(C(O)=O)C=C(C)C=C1,CC1C=CC(NC(=O)OC(C)(C)C)=C(C=1)C(O)=O
769,O.O.O.O.[Mg+2].O=C([O-])C1C(O)=CC=CC=1,O.O.O.O.[Mg+2].[O-]C(=O)C1=CC=CC=C1O
770,O=[N+]([O-])C1=CC=C(C=C1)CN2C=C(N=C2)C(=O)NC3=CC=CC=C3,[O-][N+](=O)C1C=CC(CN2C=NC(=C2)C(=O)NC2C=CC=CC=2)=CC=1
771,[Na].OS(=O)(=O)c1c(N)c2c(c(Br)c1)C(=O)c3c(cccc3)C2=O,[Na].Nc1c2c(c(Br)cc1S(O)(=O)=O)C(=O)c1ccccc1C2=O
772,CCC1=CC=C(C=C1)C2N(C3=CC=C(C(O)=O)C=C3)C4=C(CCCC4)C=2,CCC1C=CC(=CC=1)C1=CC2CCCCC=2N1C1C=CC(=CC=1)C(O)=O
773,OCCN(CCO)S(=O)(=O)C(F)(F)C(F)(F)C(F)(F)C(F)(F)F,OCCN(CCO)S(=O)(=O)C(F)(F)C(F)(F)C(F)(F)C(F)(F)F
774,OCCN(c1ccc(C(O)=O)cc1)S(=O)(=O)c2c(C)cc(C)cc2C,Cc1cc(C)c(c(C)c1)S(=O)(=O)N(CCO)c1ccc(cc1)C(O)=O
775,CCC1=C2C(=CC=C1)C(=CN2)C(=O)CN3CC(OCC3)C4=CC=C(F)C=C4,CCC1C=CC=C2C=1NC=C2C(=O)CN1CC(OCC1)C1C=CC(F)=CC=1
776,NC1N=C(C)C(=CC=1)OC2C=C(N=CC=2)C3=CN(C)N=C3,CC1=NC(N)=CC=C1OC1C=C(N=CC=1)C1=CN(C)N=C1
777,FC1C=C(C=NC=1)C2=C(F)C(C(O)=O)=NC=N2,OC(=O)C1=NC=NC(C2C=NC=C(F)C=2)=C1F
778,O=CC1=C(NC=C1)CC(O)=O,OC(=O)CC1NC=CC=1C=O
779,CC1=CC(=NC(N)=N1)C2N=C(C=CC=2O)C3=C(F)C(N)=NC=C3,CC1=CC(=NC(N)=N1)C1N=C(C=CC=1O)C1C=CN=C(N)C=1F
780,CC(C)C1=CC(=CC=C1)C2C=C(Br)C=CC=2,CC(C)C1=CC(=CC=C1)C1C=C(Br)C=CC=1
781,CNCCCCCCNC,CNCCCCCCNC
782,CN(C)C(/C)=N/CCN1C(Br)=C(Br)C(Br)=N1,CN(C)/C(/C)=N/CCN1N=C(Br)C(Br)=C1Br
783,BrCC1C(B(O)O)=CC(=CC=1)C(=O)C(C)Br,CC(Br)C(=O)C1C=C(B(O)O)C(CBr)=CC=1
784,O=[N+]([O-])c1ccc(cc1)COC(=O)N(CCc2ccccc2)c3ccc(cc3)S(=O)(=O)Nc4ncccc4,[O-][N+](=O)c1ccc(COC(=O)N(CCc2ccccc2)c2ccc(cc2)S(=O)(=O)Nc2cccc[n]2)cc1
785,c1ccc(cc1)COC2CC(C2)(C(C)=O)O[Si](C)(C)C(C)(C)C,CC(C)(C)[Si](C)(C)OC1(CC(C1)OCc1ccccc1)C(C)=O
786,COC1=CC2=C(OCC[C@H]2N)C=C1Cl,COC1=CC2[C@H](N)CCOC=2C=C1Cl
787,OCC1C(O)CCN1,OC1CCNC1CO
788,COC(=O)CS(=O)(=O)C1=CC=C(N)C=C1,COC(=O)CS(=O)(=O)C1C=CC(N)=CC=1
789,COC1=CC=C(C=C1)NC(=O)CC(=O)NC(C)CC2C=C(C=CC=2)C(F)(F)F,COC1C=CC(=CC=1)NC(=O)CC(=O)NC(C)CC1C=C(C=CC=1)C(F)(F)F
790,CCCCCCCCC(C(O)=O)N(CCCBr)C(=O)CC(=O)OCC,CCCCCCCCC(C(O)=O)N(CCCBr)C(=O)CC(=O)OCC
791,ClCCCCN(Cc1ccc([N+](=O)[O-])cc1)c2c3c(cccc3)nc4c2cccc4,[O-][N+](=O)c1ccc(CN(CCCCCl)c2c3ccccc3[n]c3ccccc32)cc1
792,Cl.NC1CC(C1)CN2S(=O)(=O)CCC2,Cl.NC1CC(CN2CCCS2(=O)=O)C1
793,CSC1=C(Br)C=C(C(C)=O)C=C1,CC(=O)C1C=CC(SC)=C(Br)C=1
794,N#CC1=C(N=CC=N1)C(O)=O,N#CC1N=CC=NC=1C(O)=O
795,Cl.CCC(C)[C@H](N)[C@@H](O)C1=C(N)C=C([N+](=O)[O-])C=C1,Cl.CC(CC)[C@H](N)[C@@H](O)C1C=CC(=CC=1N)[N+]([O-])=O
796,CC(C)OC1=CC(F)=C(Cl)C=C1,CC(C)OC1C=CC(Cl)=C(F)C=1
797,COC1=C(Cl)C=C2C(NC=C2)=N1,COC1N=C2NC=CC2=CC=1Cl
798,CSCC[C@H](NC(C)=O)C(=O)OC1C2=C(C=CC=C2)C=CC=1,CC(=O)N[C@@H](CCSC)C(=O)OC1=CC=CC2C=CC=CC=21
799,O=C1c2c(NCCN1)nccc2,O=C1NCCNc2[n]cccc21
800,CC1=CC(=CC(C)=C1)NC(=O)CN2C3C(=C(C)N(CCC4C5C(=CC=CC=5)NC=4)C(=O)C=3)C(=O)N2C6SC7=C(C=CC=C7)N=6,CC1C=C(C)C=C(C=1)NC(=O)CN1C2=CC(=O)N(CCC3=CNC4=CC=CC=C34)C(C)=C2C(=O)N1C1=NC2C=CC=CC=2S1
801,CCOC(=O)NC1=CC=C(C)C=C1,CC1C=CC(=CC=1)NC(=O)OCC
802,CC(=O)NCCN(c1cc([N+](=O)[O-])ccc1)C(C(F)(F)F)(F)C(F)(F)F,CC(=O)NCCN(c1cc(ccc1)[N+]([O-])=O)C(F)(C(F)(F)F)C(F)(F)F
803,BrCCN(CC=C)c1c(C)cc(Br)c(C)c1,Cc1cc(Br)c(C)cc1N(CCBr)CC=C
804,CCC1=CC=C(C=C1)C#C[C@H]2[C@H](O)CCC2,CCC1C=CC(=CC=1)C#C[C@@H]1CCC[C@H]1O
805,NCCc1c(Cl)c(O)ccc1Cl,NCCc1c(Cl)c(O)ccc1Cl
806,C1=CC=C(C=C1)C2OC3C(=CC=CC=3C)CC2,CC1C=CC=C2CCC(OC2=1)C1C=CC=CC=1
807,ClC1=CC=C(C=C1)C#CC2(O)CCCC2,OC1(CCCC1)C#CC1C=CC(Cl)=CC=1
808,CCOC(=O)C(C(=O)OCC)N(CCNC(C)=O)Cc1sc(Cl)nc1,CC(=O)NCCN(Cc1c[n]c(Cl)[s]1)C(C(=O)OCC)C(=O)OCC
809,OC(=O)[C@@H]1CC(N)CN1,NC1C[C@H](NC1)C(O)=O
810,CCCCCCC(C(O)=O)N(CC=C)CCBr,CCCCCCC(C(O)=O)N(CCBr)CC=C
811,COC1=CC=C(C=C1)C2=C(C#N)C(N)=C(C#N)C(=C2)C3CC3,COC1C=CC(=CC=1)C1C=C(C2CC2)C(C#N)=C(N)C=1C#N
812,CC(C)c1cc2c(CCC[C@H]2N)cc1,CC(C)c1ccc2CCC[C@@H](N)c2c1
813,CC(C)N1C=C(Br)N=N1,CC(C)N1C=C(Br)N=N1
814,Nc1sc(nn1)SC2C(=O)OCC2,Nc1[n][n]c(SC2CCOC2=O)[s]1
815,CC(C)OCCCNC(=O)C1N(CC(F)(F)F)N=CC=1N,CC(C)OCCCNC(=O)C1=C(N)C=NN1CC(F)(F)F
816,NCC(O)C12CC(CC2)CC1,NCC(O)C12CC(CC1)CC2
817,CCCCCCN(c1ccc(cc1)S(=O)(=O)N([Na])c2nc3c(cccc3)nc2)c4c(C)cccc4,Cc1ccccc1N(CCCCCC)c1ccc(cc1)S(=O)(=O)N([Na])c1c[n]c2ccccc2[n]1
818,OC(=O)CC(C)N(c1ccc(cc1)S(=O)(=O)Nc2ncccn2)c3c(Cl)nc(Cl)nc3,CC(CC(O)=O)N(c1c[n]c(Cl)[n]c1Cl)c1ccc(cc1)S(=O)(=O)Nc1[n]ccc[n]1
819,OC(=O)C1C(=CC=CC=1)C2C=C(F)C(F)=CC=2,OC(=O)C1=CC=CC=C1C1C=C(F)C(F)=CC=1
820,[Na+].O=S([O-])C(F)(F)F,[Na+].[O-]S(=O)C(F)(F)F
821,COC1C2=C(C=CC=1)C=CC(C(F)(F)F)=N2,COC1=CC=CC2C=CC(=NC=21)C(F)(F)F
822,OC(=O)[C@@](NC(=O)OCC1C2=C(C=CC=C2)C3=C1C=CC=C3)([H])CC4C5C(=CC=CC=5)SC=4,OC(=O)[C@@H](CC1=CSC2=CC=CC=C12)NC(=O)OCC1C2C=CC=CC=2C2C=CC=CC=21
823,COC1=CC2=C(C=C1)CC(N3CCN(C)CC3)C4=C(C=CC(OC)=C4)S2,CN1CCN(CC1)C1CC2C=CC(=CC=2SC2C=CC(=CC=21)OC)OC
824,O=C(Cl)CC1=CC(=CC(=C1)C(F)(F)F)C(F)(F)F,O=C(Cl)CC1C=C(C=C(C=1)C(F)(F)F)C(F)(F)F
825,CC(O)C1C=C(Cl)C=CN=1,CC(O)C1C=C(Cl)C=CN=1
826,CCOC(=O)C1=C(N=C(N)O1)C2CC2,CCOC(=O)C1OC(N)=NC=1C1CC1
827,CC1=CC(=CC=C1)CC2(CO)CCN(C(=O)OC(C)(C)C)CC2,CC(C)(C)OC(=O)N1CCC(CO)(CC2C=C(C)C=CC=2)CC1
828,COC1C(NC(=O)C2OC=CC=2)=CC(C(O)=O)=CC=1,COC1=CC=C(C=C1NC(=O)C1=CC=CO1)C(O)=O
829,NCCCC[C@@H](C(=O)NCC(=O)N[C@@H](CCC(N)=O)C(O)=O)NC(=O)[C@H](CC(N)=O)NC(=O)[C@H](CCCNC(N)=N)NC(=O)[C@H](CCC(O)=O)NC(=O)[C@H](CCCCN)NC(=O)[C@H](CCC(O)=O)NC(=O)[C@H](CCC(N)=O)NC(=O)[C@H](CCSC)NC(=O)[C@H](CCCNC(N)=N)NC(=O)[C@H](CCC(N)=O)NC(=O)[C@H](CC(C)C)NC(=O)[C@H](CCC(O)=O)NC(=O)CNC(=O)[C@H](CC1=CC=C(O)C=C1)NC(=O)[C@H]([C@@H](C)O)NC(=O)[C@H](CC2=CC=CC=C2)NC(=O)[C@H]([C@@H](C)CC)NC(=O)[C@H]3N(CCC3)C(=O)[C@H](C(C)C)NC(=O)[C@@H](N)CC4=CC=CC=C4,CC[C@H](C)[C@H](NC(=O)[C@@H]1CCCN1C(=O)[C@@H](NC(=O)[C@@H](N)CC1C=CC=CC=1)C(C)C)C(=O)N[C@@H](CC1C=CC=CC=1)C(=O)N[C@@H]([C@@H](C)O)C(=O)N[C@@H](CC1C=CC(O)=CC=1)C(=O)NCC(=O)N[C@@H](CCC(O)=O)C(=O)N[C@@H](CC(C)C)C(=O)N[C@@H](CCC(N)=O)C(=O)N[C@@H](CCCNC(N)=N)C(=O)N[C@@H](CCSC)C(=O)N[C@@H](CCC(N)=O)C(=O)N[C@@H](CCC(O)=O)C(=O)N[C@@H](CCCCN)C(=O)N[C@@H](CCC(O)=O)C(=O)N[C@@H](CCCNC(N)=N)C(=O)N[C@@H](CC(N)=O)C(=O)N[C@@H](CCCCN)C(=O)NCC(=O)N[C@@H](CCC(N)=O)C(O)=O
830,FC1=CC=C(C=C1)N2C(=O)CC(N)C2,NC1CC(=O)N(C1)C1C=CC(F)=CC=1
831,O=C(OCC1=CC=CC=C1)NC(O)C(F)(F)F,OC(NC(=O)OCC1C=CC=CC=1)C(F)(F)F
832,Cc1cc(ccc1)N(C2CCCCC2)C(=O)c3c(Br)cccc3,Cc1cc(ccc1)N(C1CCCCC1)C(=O)c1ccccc1Br
833,NC1=C2C(=NC=N1)N(C=N2)[C@]3([H])[C@@](N)([H])[C@@](O)([H])[C@](CO)([H])O3,NC1N=CN=C2C=1N=CN2[C@H]1O[C@H](CO)[C@@H](O)[C@H]1N
834,CC(O)CCNC1CCCCC1,CC(O)CCNC1CCCCC1
835,O=C(NC1=C(C)C(C)=CC=C1)COC(=O)C2C3C4C(OC3=O)CC2C4,CC1=C(C=CC=C1C)NC(=O)COC(=O)C1C2C3CC1CC3OC2=O
836,CC1=CC=C(C=C1)C(=O)CC2=CC(Br)=C(F)C=C2,CC1=CC=C(C=C1)C(=O)CC1=CC(Br)=C(F)C=C1
837,[Cl-].C1=CC=C(C=C1)C2=NC(S)=C(C(=O)N2)[P+](C3=CC=CC=C3)(C4=CC=CC=C4)C5=CC=CC=C5,[Cl-].O=C1NC(=NC(S)=C1[P+](C1C=CC=CC=1)(C1C=CC=CC=1)C1C=CC=CC=1)C1C=CC=CC=1
838,CCOC(=O)c1ccc(cc1)N(CC(OC)OC)C(C)(C)C(O)=O,CCOC(=O)c1ccc(cc1)N(CC(OC)OC)C(C)(C)C(O)=O
839,N#CC1C(S)=NC(=O)NC=1C,CC1NC(=O)N=C(S)C=1C#N
840,BrC1N=CC(=NC=1)NS(=O)(=O)C2=CC=C(C)C=C2,CC1C=CC(=CC=1)S(=O)(=O)NC1C=NC(Br)=CN=1
841,FC1=CC=C(OCCNC2CCCCC2)C=C1,FC1=CC=C(C=C1)OCCNC1CCCCC1
842,CCOC(=O)C1=CC2=C(C=C1)N(C)C(=O)CO2,CCOC(=O)C1=CC2OCC(=O)N(C)C=2C=C1
843,CC(C)CC(C(O)=O)N(CC(C)=O)c1c(C=O)cc2c(OCO2)c1,CC(=O)CN(C(CC(C)C)C(O)=O)c1cc2OCOc2cc1C=O
844,O=C1OC=C(C=C1)[C@@H]2[C@]3(C)[C@@](CC2)(O)[C@@]4([H])[C@@](CC3)([H])[C@]5(CO)[C@](C[C@@H](O)CC5)([H])CC4,C[C@]12CC[C@H]3[C@@H](CC[C@@H]4C[C@@H](O)CC[C@@]43CO)[C@@]1(O)CC[C@@H]2C1C=CC(=O)OC=1
845,ClCC1=NC(=O)NN1,O=C1NNC(CCl)=N1
846,O=[N+]([O-])C(C)CNCCC1=CC=NC=C1,CC(CNCCC1C=CN=CC=1)[N+]([O-])=O
847,O=[N+]([O-])C1=CC=C(C=C1)OC2=CC=C(C=C2)C3=CC=C(C=C3)OC4=CC=C([N+](=O)[O-])C=C4,[O-][N+](=O)C1C=CC(=CC=1)OC1C=CC(=CC=1)C1C=CC(=CC=1)OC1C=CC(=CC=1)[N+]([O-])=O
848,CCCc1ccc(cc1)N(CCc2ccccc2)c3cc4c(cc3)cc(cc4O)S(=O)(O)=O,CCCc1ccc(cc1)N(CCc1ccccc1)c1cc2c(cc(cc2O)S(O)(=O)=O)cc1
849,BrC1C(=O)N(CC1)C2=C(F)C=CC=C2F,O=C1C(Br)CCN1C1C(F)=CC=CC=1F
850,COC1=C(Br)C=C([N+](=O)[O-])C(C=O)=C1,COC1C=C(C=O)C(=CC=1Br)[N+]([O-])=O
851,CC(C)CC(C(O)=O)N(C(C)(C)C)c1ccc(cc1)S(=O)(=O)Nc2n(ncc2)c3ccccc3,CC(C)CC(C(O)=O)N(c1ccc(cc1)S(=O)(=O)Nc1cc[n][n]1-c1ccccc1)C(C)(C)C
852,CCN1C(=CC=N1)C(F)C(O)=O,CCN1N=CC=C1C(F)C(O)=O
853,NC(=S)NCC1C(OC)=CC=CC=1,COC1=CC=CC=C1CNC(N)=S
854,OC[C@H]1O[C@H](C=C1)N2C3=C(N=C2)C(=O)N=CN3,OC[C@@H]1C=C[C@@H](O1)N1C=NC2C(=O)N=CNC1=2
855,CCCS(=O)(=O)C1N(C)C(=NN=1)C2C(N)=NON=2,CCCS(=O)(=O)C1=NN=C(C2=NON=C2N)N1C
856,OC1C2=C(N=CN=1)N(C)N=N2,CN1N=NC2C(O)=NC=NC1=2
857,O=C1C(C)C2C34C(O1)OC(CCC4C(C)CC2)(C)O3,CC12CCC3C(C)CCC4C(C)C(=O)OC(O1)C43O2
858,Br[Mg]C1=C(C=CC=C1)OCC2=C(F)C=CC=C2,FC1C=CC=CC=1COC1C=CC=CC=1[Mg]Br
859,CCCCCCN(CCCC)C1CN(CC1)C(=O)OC(C)(C)C,CC(C)(C)OC(=O)N1CC(CC1)N(CCCC)CCCCCC
860,COC1C(C)=CC(=CC=1)C(N)C(C)O,CC1=CC(=CC=C1OC)C(N)C(C)O
861,CCCOC1=C(Cl)C=C(C(C)=O)C=C1,CC(=O)C1C=CC(OCCC)=C(Cl)C=1
862,CC(C)(C)OC(=O)N1CC(OCC1)C2N=C(C=NC=2)B3OC(C)(C)C(C)(C)O3,CC(C)(C)OC(=O)N1CC(OCC1)C1=CN=CC(=N1)B1OC(C)(C)C(C)(C)O1
863,C1=CC=C(C=C1)CN2CC(C(O)=O)(CC2)C(F)(F)F,OC(=O)C1(CN(CC2C=CC=CC=2)CC1)C(F)(F)F
864,SCCC1C(Cl)=CC=CC=1,SCCC1=CC=CC=C1Cl
865,CC(=O)N(C)C1=NC(C)(C)CS1,CC(=O)N(C)C1=NC(C)(C)CS1
866,CCCCOC(=O)CN(C(CC(C)C)C(O)=O)c1c(C)cc(C)cc1C,CC(C)CC(C(O)=O)N(CC(=O)OCCCC)c1c(C)cc(C)cc1C
867,COC1C(N)=C(C(O)=O)C(C)=CC=1,CC1=CC=C(OC)C(N)=C1C(O)=O
868,O=C(NCC1CCNCC1)C2NC3=C(C=CC=C3)C=2,O=C(NCC1CCNCC1)C1=CC2C=CC=CC=2N1
869,OC(=O)/C=C/C(O)=O.NCCc1cc(CCC)c(OC)c(OC)c1,CCCc1cc(CCN)cc(OC)c1OC.OC(=O)/C=C/C(O)=O
870,CCNC(C)C(=O)NC1C(C)=CC=CC=1,CC1=CC=CC=C1NC(=O)C(C)NCC
871,OCC(O)CN(CCN1CCOCC1)C(=O)c2c(Br)cccc2,OCC(O)CN(CCN1CCOCC1)C(=O)c1ccccc1Br
872,CN1CCC(CC1)NC2C3C(OCCC2)=CC(C)=CC=3,CC1C=C2OCCCC(NC3CCN(C)CC3)C2=CC=1
873,Cl.Cl.NCC1N(C)C2=C(C=1)C=C(C=N2)C(F)(F)F,Cl.Cl.CN1C(CN)=CC2C=C(C=NC1=2)C(F)(F)F
874,CCOC1C(OCC)=CC=C(C=1)CC(=O)C2=C(NC3=CC=C(OC)C=C3)CC(C)(C)CC2=O,COC1C=CC(=CC=1)NC1CC(C)(C)CC(=O)C=1C(=O)CC1C=C(OCC)C(=CC=1)OCC
875,CCOC1C(\C=C\C2=NC3C(=CC=CC=3OC)C=C2)=C4C(C=CC=C4)=CC=1,COC1C=CC=C2C=CC(/C=C/C3C(=CC=C4C=CC=CC4=3)OCC)=NC2=1
876,CC(Br)C(=O)NCC1=C(OC)C=C(OC)C=C1,COC1C=C(C=CC=1CNC(=O)C(C)Br)OC
877,OC(=O)C(F)(F)F.N1CCN(CC1)CC2C(Br)=CC=CC=2,OC(=O)C(F)(F)F.BrC1=CC=CC=C1CN1CCNCC1
878,CC(=O)CN(CC(C)=O)c1cnc(Cl)cc1,CC(=O)CN(CC(C)=O)c1ccc(Cl)[n]c1
879,CC(C)=CCN(CCO)c1ccc(cc1)c2ocnn2,CC(C)=CCN(CCO)c1ccc(cc1)-c1[n][n]co1
880,ClC1C2=C(C=CN=1)C(C)(C)C(=O)N2,CC1(C)C(=O)NC2C(Cl)=NC=CC1=2
881,CCCS(=O)(=O)NC1=CC=C(C=C1)OC2C(Cl)=CC(Cl)=CC=2,CCCS(=O)(=O)NC1C=CC(=CC=1)OC1=CC=C(Cl)C=C1Cl
882,[H]C(F)(F)C1=CC2=C(C=CC=C2)C=C1,FC(F)C1=CC2C=CC=CC=2C=C1
883,Fc1cc(ccc1)CN(c2ccc(Cl)cc2)c3n4c(nnc4)cnc3,Fc1cc(CN(c2c[n]cc3[n][n]c[n]32)c2ccc(Cl)cc2)ccc1
884,CCCCCCCCC(C(O)=O)N(c1scnc1)c2c(C)cc(\N=N\c3c(C)cccc3)cc2,CCCCCCCCC(C(O)=O)N(c1c[n]c[s]1)c1ccc(cc1C)/N=N/c1ccccc1C
885,CCOC(O)C(F)F,CCOC(O)C(F)F
886,NC1=NN(C=N1)C2CC2,NC1N=CN(N=1)C1CC1
887,CCC(C#C)C1(OC(C)=O)CCN(C)CC1,CCC(C#C)C1(CCN(C)CC1)OC(C)=O
888,BrCC1(C)CCOCC1,CC1(CBr)CCOCC1
889,C(CN[C@@H](C)C1=C2C(C=CC=C2)=CC=C1)CC3C=C(C=CC=3)C(F)(F)F,C[C@H](NCCCC1C=C(C=CC=1)C(F)(F)F)C1C=CC=C2C=CC=CC2=1
890,COC1N=C2C(=C(N)N=1)C(=O)N(CC2)C3=CC=C(C=C3)C4(C#N)CCC4,COC1N=C2CCN(C(=O)C2=C(N)N=1)C1=CC=C(C=C1)C1(CCC1)C#N
891,Cl.CCNCC(O)(C)C(F)(F)F,Cl.CC(O)(CNCC)C(F)(F)F
892,CCCCC[C@@H](C(O)=O)NC(=O)OC(C)(C)C.C1CCC(CC1)NC2CCCCC2,CCCCC[C@H](NC(=O)OC(C)(C)C)C(O)=O.C1CCCCC1NC1CCCCC1
893,BrC1=CC2N(C=C1)C(I)=CN=2,BrC1=CC2=NC=C(I)N2C=C1
894,C1=CC=C(C=C1)C(=O)O[C@H]2C3(C)C(CC[C@]3(O)C(C)=O)(O)C4(O)[C@](C2)([H])C5(C)C(C[C@@H](O)CC5)=CC4,CC(=O)[C@@]1(O)CCC2(O)C3(O)CC=C4C[C@@H](O)CCC4(C)[C@@H]3C[C@@H](OC(=O)C3C=CC=CC=3)C21C
895,OCCN(Cc1ccccc1)c2c(cccc2)C(C)=O,CC(=O)c1ccccc1N(CCO)Cc1ccccc1
896,OC1=C(Cl)C(=CC=C1)CC(C)(C)N,CC(C)(N)CC1=CC=CC(O)=C1Cl
897,CC(C)CCOC(=O)CN(Cc1ccccc1)c2ncccc2,CC(C)CCOC(=O)CN(Cc1ccccc1)c1cccc[n]1
898,C1=CC2C3C(=COC=3)C=CC=2O1,C1OC=C2C3C=COC=3C=CC2=1
899,CCOC(=O)CC(=O)CN(C(=O)OC)c1c(Cl)cc([N+](=O)[O-])cc1,COC(=O)N(CC(=O)CC(=O)OCC)c1ccc(cc1Cl)[N+]([O-])=O
900,CN(C)C1=NC(Cl)=C(Cl)N=C1,CN(C)C1C=NC(Cl)=C(Cl)N=1
901,[Na+].[Na+].NC1C2=C(N=CN=1)N(C(Cl)=N2)[C@H]3[C@H](O)[C@H](O)[C@@H](COP([O-])(=O)[O-])O3,[Na+].[Na+].NC1=NC=NC2=C1N=C(Cl)N2[C@@H]1O[C@H](COP([O-])([O-])=O)[C@@H](O)[C@H]1O
902,COC(=O)CC1=NC(=C(C)S1)C2C(F)=CC=CC=2,CC1SC(CC(=O)OC)=NC=1C1=CC=CC=C1F
903,BrC1C(Cl)=C2C(=CC=1)NN=C2C,CC1=NNC2=CC=C(Br)C(Cl)=C21
904,N#CC1=NC(=NC=C1)NCC2=CC=C(F)C=C2,N#CC1C=CN=C(NCC2C=CC(F)=CC=2)N=1
905,O=N(=O)C1C=C(Br)C(Br)=NC=1,O=N(=O)C1C=C(Br)C(Br)=NC=1
906,CC1=C(C=CN=C1)N2CCN(CCC2)C(=O)CC3C4C(=CC=CC=4)NC=3,CC1C=NC=CC=1N1CCN(CCC1)C(=O)CC1=CNC2=CC=CC=C12
907,OC(=O)CC1N=C(SC=1)NC(=O)C2C=C(O)C=CC=2,OC(=O)CC1=CSC(NC(=O)C2C=C(O)C=CC=2)=N1
908,CCC1=CC=C(C=C1)C2C(COC)(N)C2S(=O)(=O)CC,COCC1(N)C(C1S(=O)(=O)CC)C1=CC=C(CC)C=C1
909,CCC1=CC=C(C=C1)C2N=C(C)C(C(O)=O)=CC=2,CC1=NC(=CC=C1C(O)=O)C1C=CC(CC)=CC=1
910,OC(=O)CN(c1c(Br)cccc1)c2c3c(cccc3)ccc2,OC(=O)CN(c1cccc2ccccc21)c1ccccc1Br
911,COC1N=CC(=CC=1)S(=O)(=O)Cl,COC1=CC=C(C=N1)S(=O)(=O)Cl
912,C1=CN=C(C=C1)CNC2C3=C(N=CN=2)N(C4=CC=C(Cl)C=C4)C=C3C5=CC=CC=C5,ClC1C=CC(=CC=1)N1C=C(C2C(NCC3C=CC=CN=3)=NC=NC1=2)C1C=CC=CC=1
913,CCCCCCCCCCCCOP(OCCCCCCCCCCCC)(=O)OCCCCCCCCCCCC,CCCCCCCCCCCCOP(=O)(OCCCCCCCCCCCC)OCCCCCCCCCCCC
914,CCOC(=O)CC(=O)N(c1c(C)cccc1)c2c(=O)n(c3ccccc3)n(C)c2C,C[n]1c(C)c(c(=O)[n]1-c1ccccc1)N(c1ccccc1C)C(=O)CC(=O)OCC
915,N#CC1C=C(C=CC=1)C(=O)NC2CCN(CC2)C(=O)C3=NN4C(C(=O)NC(C)=C4)=C3,CC1=CN2N=C(C=C2C(=O)N1)C(=O)N1CCC(CC1)NC(=O)C1=CC(=CC=C1)C#N
916,CCOC(OCC)CN(CCC)c1cc(ccc1)C(F)(F)F,CCCN(CC(OCC)OCC)c1cc(ccc1)C(F)(F)F
917,C1CCN(CC1)CC2C=C(C=CC=2)C(=O)C3C=C(F)C(Br)=CC=3,O=C(C1=CC(CN2CCCCC2)=CC=C1)C1C=C(F)C(Br)=CC=1
918,OCC1=CC(I)=C(OCC2CC2)C(Cl)=N1,OCC1=CC(I)=C(OCC2CC2)C(Cl)=N1
919,C1CC(OC1)C2C=C(C=C(C=2)C3CC3)B4OC(C)(C)C(C)(C)O4,CC1(C)OB(OC1(C)C)C1C=C(C=C(C=1)C1CCCO1)C1CC1
920,CCCCCCCCCCCCCCCCN(CC(O)=O)S(=O)(=O)CC,CCCCCCCCCCCCCCCCN(CC(O)=O)S(=O)(=O)CC
921,CN(C)CCN1C(=O)CNCC1,CN(C)CCN1CCNCC1=O
922,COC(=O)C1CC(C1)C2=CC(N([H])[H])=CC=C2,COC(=O)C1CC(C1)C1C=CC=C(N)C=1
923,SC1N(C)C(=NN=1)C2=CC3=C(CCC(C3)C(C)(C)C)S2,CN1C(S)=NN=C1C1=CC2CC(CCC=2S1)C(C)(C)C
924,OB(O)C1=CC(=NC=N1)C2=CC=CC=C2,OB(O)C1=CC(=NC=N1)C1C=CC=CC=1
925,BrC1=CC=C(C=C1)N2N=C(C3=CC=C(F)C=C3)C(C([H])=O)=C2,O=CC1=CN(N=C1C1C=CC(F)=CC=1)C1C=CC(Br)=CC=1
926,BrC1C=C2C(Cl)=C3C(CCC3)=NC2=CC=1,ClC1C2=CC(Br)=CC=C2N=C2CCCC2=1
927,COC1=CC=C(C=C1)[C@]23[C@]([C@H](O)[C@H](C(=O)OC)[C@H]3C4=CC=CC=C4)(O)C5C(=CC(O[C@@H]6O[C@@](CO[C@H]6OC)([H])[C@@H](O)CO)=CC=5OC)O2,COC1C=C(C=C2O[C@]3([C@@H]([C@H]([C@@H](O)[C@@]3(O)C=12)C(=O)OC)C1C=CC=CC=1)C1C=CC(=CC=1)OC)O[C@@H]1O[C@H](CO[C@H]1OC)[C@@H](O)CO
928,CC(C)C[C@@H](NC)CNC(=O)OC(C)(C)C,CC(C)C[C@H](CNC(=O)OC(C)(C)C)NC
929,CCCCCCC(C(O)=O)N(C(C)(C)C)S(=O)(=O)C=C,CCCCCCC(C(O)=O)N(C(C)(C)C)S(=O)(=O)C=C
930,OC(=O)C(F)(F)F.OC(=O)C(F)(F)F.NCC1N(C)CC1,CN1CCC1CN.OC(=O)C(F)(F)F.OC(=O)C(F)(F)F
931,CCCCCCCCC(=O)N(c1ccccc1)C(C(=O)OCC)C(=O)OCC,CCCCCCCCC(=O)N(C(C(=O)OCC)C(=O)OCC)c1ccccc1
932,OC(Cl)[C@]1(Br)[C@@H](O)[C@]([C@H](O)[C@@H](O)O1)(O)C2C3C(=CC=CC=3)NC=2,O[C@]1([C@H](O)[C@@H](O)O[C@@](Br)([C@H]1O)C(O)Cl)C1=CNC2=CC=CC=C21
933,C1CCC(CC1)B2OCCCO2,C1CCCCC1B1OCCCO1
934,CC(C)CN1C(=O)C2N(C=C1)N=C(C3=CC=CC=C3)C=2,CC(C)CN1C=CN2N=C(C=C2C1=O)C1C=CC=CC=1
935,CC1C(C)=CC(=CC=1)C2C3=C(N=C(C)N=C3Cl)SC=2,CC1=CC(=CC=C1C)C1=CSC2N=C(C)N=C(Cl)C1=2
936,C1=CC2=C(C=C1)C(=CN2)CCN3C(=O)C4C(C3=O)C5C6C(=CC=CC=6)C4C7=C5C=CC=C7,O=C1C2C3C4=CC=CC=C4C(C2C(=O)N1CCC1=CNC2C=CC=CC1=2)C1C=CC=CC=13
937,FC1=CC=C(C=C1)N2C(C(O)=O)=CC(=N2)C3SC=CC=3,OC(=O)C1=CC(=NN1C1C=CC(F)=CC=1)C1=CC=CS1
938,OB(O)C1C=C(OC(F)(F)F)C(F)=CC=1,OB(O)C1C=C(OC(F)(F)F)C(F)=CC=1
939,C1CCC(CC1)NC(=O)C(C2=CN=CC=C2)N(CC3=CC=CC=C3)C(=O)CC4C5=C(C=CC=C5)NC=4,O=C(CC1=CNC2C=CC=CC1=2)N(CC1C=CC=CC=1)C(C1C=CC=NC=1)C(=O)NC1CCCCC1
940,CCC1=C(C=CC=C1)NC2N(CC)C3=C(C=CC=C3)N=2,CCN1C(NC2C=CC=CC=2CC)=NC2C=CC=CC1=2
941,O=[N+]([O-])c1ccc(cc1)CN(c2ccc(cc2)c3nc(NCC4OCCC4)sc3)c5c(=O)n(c6ccccc6)n(C)c5C,C[n]1c(C)c(c(=O)[n]1-c1ccccc1)N(Cc1ccc(cc1)[N+]([O-])=O)c1ccc(cc1)-c1c[s]c(NCC2CCCO2)[n]1
942,BrCC(=O)c1cc(C(=O)NC)c(C)cc1,Cc1ccc(cc1C(=O)NC)C(=O)CBr
943,OC(=O)CCN(c1ccc(Cl)cc1)c2c(C)cc(C)cc2C,Cc1cc(C)c(c(C)c1)N(CCC(O)=O)c1ccc(Cl)cc1
944,C1=CC=C(C=C1)OC(=O)NC2=CC=C(C=C2)CC3=CC=C(C=C3)NC(=O)NC4=CC=C(C=C4)CC5=CC=C(NC(=O)OC6=CC=CC=C6)C=C5,O=C(NC1C=CC(CC2C=CC(=CC=2)NC(=O)OC2C=CC=CC=2)=CC=1)NC1C=CC(CC2C=CC(=CC=2)NC(=O)OC2C=CC=CC=2)=CC=1
945,C[C@@H]1CC2=C(CC1)C(C)=CO2,CC1=COC2C[C@@H](C)CCC1=2
946,CCOC(OCC)CN(CC=C)CC(N)=O,CCOC(CN(CC=C)CC(N)=O)OCC
947,Cl.NCCCC1(OCCO1)C(F)(F)F,Cl.NCCCC1(OCCO1)C(F)(F)F
948,OC1C=C(C=C(F)C=1)C2=CC=C(C=C2)C(F)(F)F,OC1=CC(F)=CC(=C1)C1C=CC(=CC=1)C(F)(F)F
949,COC1=C(C)C=C(C=C1)C(=O)C2CCCC2,CC1C=C(C=CC=1OC)C(=O)C1CCCC1
950,OC(=O)CCc1c2c(ccc(F)c2)n(C)c1,C[n]1cc(CCC(O)=O)c2cc(F)ccc12
951,COC1=C(OC)C=C(C=C1)CCNC(=O)C23C(C)(C)C(CC3)(C)C(=O)O2,CC1(C)C2(CCC1(C)C(=O)O2)C(=O)NCCC1C=CC(OC)=C(C=1)OC
952,Cl.OC(=O)C1CC2(NCC1)CCC2,Cl.OC(=O)C1CC2(CCC2)NCC1
953,N#CC1CCN(C=O)CC1,N#CC1CCN(CC1)C=O
954,CCOC(=O)C1N=C(C=CN=1)C(F)(F)F,CCOC(=O)C1N=C(C=CN=1)C(F)(F)F
955,CCCCC(C(O)=O)NC(=O)[C@@H](CC1=CC=CC=C1)N2C(=O)C3C(=CC=CC=3)NC2=O,CCCCC(NC(=O)[C@@H](CC1C=CC=CC=1)N1C(=O)NC2=CC=CC=C2C1=O)C(O)=O
956,CCOc1ccc(cc1)N(CCNC(C)=O)C(=O)OCc2ccc([N+](=O)[O-])cc2,CC(=O)NCCN(c1ccc(cc1)OCC)C(=O)OCc1ccc(cc1)[N+]([O-])=O
957,CN1CC(CCC1)=C(C2SC=CC=2)C3SC=CC=3,CN1CC(CCC1)=C(C1=CC=CS1)C1=CC=CS1
958,C1CCC(CC1)NC2=C([N+](=O)[O-])C=C(C(OC)=C2)B3OC(C)(C)C(C)(C)O3,COC1=CC(NC2CCCCC2)=C(C=C1B1OC(C)(C)C(C)(C)O1)[N+]([O-])=O
959,COc1c(NC)c(N)ccc1,CNc1c(N)cccc1OC
960,OB(O)C1C(=CC(=CC=1C)C(F)(F)F)C(F)(F)F,CC1C=C(C=C(C=1B(O)O)C(F)(F)F)C(F)(F)F
961,CCC(CN)Oc1cc(Cl)ccc1,CCC(CN)Oc1cc(Cl)ccc1
962,CC(=O)C1=C([N+](=O)[O-])C=C(F)C(N)=C1,CC(=O)C1C=C(N)C(F)=CC=1[N+]([O-])=O
963,NC(=O)C1=CC(F)=C(C=C1)C2=CC=C(C=C2)C(F)(F)F,NC(=O)C1=CC(F)=C(C=C1)C1C=CC(=CC=1)C(F)(F)F
964,c1ccc(cc1)CCN(c2ncccc2)c3cc(C)ccn3,Cc1cc([n]cc1)N(CCc1ccccc1)c1cccc[n]1
965,COC1C(Cl)=C(Br)C(Cl)=C(OC)C=1,COC1=CC(OC)=C(Cl)C(Br)=C1Cl
966,O=C1C=C(N=C(S)N1)C(F)(F)F,O=C1C=C(N=C(S)N1)C(F)(F)F
967,ClCCC(=O)NC1=C(\N=N\C2=C(C#N)C=C([N+](=O)[O-])C=C2)C=CC(N(CC)CC)=C1,CCN(CC)C1=CC(NC(=O)CCCl)=C(C=C1)/N=N/C1C=CC(=CC=1C#N)[N+]([O-])=O
968,OC(=O)/C=C/C(O)=O.OC1C2=C(N)C3=C(C=CC=C3)N=C2CCC1,NC1=C2C(O)CCCC2=NC2C=CC=CC=21.OC(=O)/C=C/C(O)=O
969,COCCOC1=C(C)C=CC([N+](=O)[O-])=C1,CC1C=CC(=CC=1OCCOC)[N+]([O-])=O
970,CC1(C)COB(OC1)C2=CN(N=C2)S(=O)(=O)C3=CC=CC=C3,CC1(C)COB(OC1)C1C=NN(C=1)S(=O)(=O)C1C=CC=CC=1
971,CCCCC(C)NCCc1cc2c(OCCO2)cc1,CCCCC(C)NCCc1ccc2OCCOc2c1
972,COC1N=C(N=CC=1F)NC2(CC3C=C(C)C=CC=3)CC2,CC1C=CC=C(CC2(CC2)NC2=NC(OC)=C(F)C=N2)C=1
973,CCOC(=O)C(C(=O)OCC)N(c1c(Br)cccc1)c2ccc(cc2)S(=O)(=O)Nc3n(ncc3)c4ccccc4,CCOC(=O)C(C(=O)OCC)N(c1ccccc1Br)c1ccc(cc1)S(=O)(=O)Nc1cc[n][n]1-c1ccccc1
974,NCCc1c(Cl)c(ccc1Cl)c2cc3c(OCO3)cc2,NCCc1c(Cl)c(ccc1Cl)-c1cc2OCOc2cc1
975,COCCc1sc(cc1)B2OC(C)(C)C(C)(C)O2,COCCc1ccc([s]1)B1OC(C)(C)C(C)(C)O1
976,CC(C)(C)OC(=O)N1CC(CCOCC2=CC=NC=C2)CCC1,CC(C)(C)OC(=O)N1CC(CCOCC2C=CN=CC=2)CCC1
977,[BH3-]CC=C(C)C.[H+]C(C)(C)C(C)(C)O,[BH3-]CC=C(C)C.CC(C)C(C)(C)O
978,OC1C=C2C(C(O)=O)=C(C(C)C)N(C)C2=CC=1,CC(C)C1=C(C2=CC(O)=CC=C2N1C)C(O)=O
979,CCN(CC)C(=O)C1=CC(=CC(N)=C1)C(F)(F)F,CCN(CC)C(=O)C1C=C(N)C=C(C=1)C(F)(F)F
980,CCCCCOP(O)(O)=O,CCCCCOP(O)(O)=O
981,CCOC(=O)C1C(OC)=NC(N)=CC=1,COC1=NC(N)=CC=C1C(=O)OCC
982,O[C@@H]1C=C2C(CC1)(C)[C@]3([H])C(CC2)([H])[C@]4([H])C([C@@H](O)CC4)(C)CC3,CC12CC[C@H](O)C=C1CCC1[C@@H]2CCC2(C)[C@@H]1CC[C@@H]2O
983,CC1C=C(NC(=S)N(CCC2C3=C(C=CC(F)=C3)NC=2C)CC4C=NC=CC=4)C(C)=CC=1,CC1C=C(NC(=S)N(CC2C=NC=CC=2)CCC2C3C=C(F)C=CC=3NC=2C)C(C)=CC=1
984,CCOC(=O)C1C2=C(CCCCC2)SC=1NC(=O)NC3=CC=CC=C3,CCOC(=O)C1=C(NC(=O)NC2C=CC=CC=2)SC2CCCCCC=21
985,OCCC1=C(C)N(NC1=O)S(=O)(=O)C2SC=CC=2,CC1=C(CCO)C(=O)NN1S(=O)(=O)C1=CC=CS1
986,Cl.ClCCN1CCOCC1,Cl.ClCCN1CCOCC1
987,C=O.NC(N)=S.CC(=O)C1=CC=CC=C1,CC(=O)C1C=CC=CC=1.C=O.NC(N)=S
988,CC(=O)OC[C@@H]1[C@@H](OC(C)=O)[C@@H](OC(C)=O)[C@@H](O1)N2C(=O)NC(=O)C=N2,CC(=O)O[C@@H]1[C@H](OC(C)=O)[C@@H](COC(C)=O)O[C@H]1N1N=CC(=O)NC1=O
989,O=[N+]([O-])c1cc(O)c(cc1)N(C(C)(C)C)c2c(C)cccc2,Cc1ccccc1N(c1ccc(cc1O)[N+]([O-])=O)C(C)(C)C
990,BrC1=C(C=NC=C1)OCC2CCOCC2,BrC1C=CN=CC=1OCC1CCOCC1
991,BrC1C=C(/C=N/NC2N=C(C3=CC=CC=C3)C(=NN=2)C4=CC=CC=C4)C(O)=CC=1,OC1=CC=C(Br)C=C1/C=N/NC1N=C(C(=NN=1)C1C=CC=CC=1)C1C=CC=CC=1
992,BrCCCCCCCCCCC(=O)OC,COC(=O)CCCCCCCCCCBr
993,CCCc1ccc(cc1)N(c2ccc(O)cc2)c3c(C)cccc3,Cc1ccccc1N(c1ccc(CCC)cc1)c1ccc(O)cc1
994,CC(=O)NC1=C(C#N)C2=C(CCCCC2)S1,CC(=O)NC1SC2CCCCCC=2C=1C#N
995,N=C1NC(=CS1)C2=CC=CC=C2,N=C1NC(=CS1)C1C=CC=CC=1
996,CCCCCCCCCCCCCCCC(=O)N(c1nnc(Cl)cc1)c2ccc(Cl)cc2,CCCCCCCCCCCCCCCC(=O)N(c1ccc(Cl)[n][n]1)c1ccc(Cl)cc1
997,COC(=O)C1=C(C=CC=C1)C2C=C(C=CC=2)C(=O)N3CCCC3,COC(=O)C1C=CC=CC=1C1C=C(C=CC=1)C(=O)N1CCCC1
998,CCOC(=O)C1=CN=C(NN)C=C1,CCOC(=O)C1=CN=C(C=C1)NN
999,c1ccc(cc1)Nc2ccc(cc2)N(c3ccccc3)C(C)(C)C,CC(C)(C)N(c1ccc(cc1)Nc1ccccc1)c1ccccc1
1000,CC1N=C(NC(=O)C=1)N2CCC(CC2)NC(=O)C3=C(C)N(N=C3)C4=CC=CC=C4,CC1=C(C=NN1C1C=CC=CC=1)C(=O)NC1CCN(CC1)C1NC(=O)C=C(C)N=1
1001,OC(=O)CC1=C(C)N2C(=NC(N)=N2)N=C1C,CC1=C(CC(O)=O)C(C)=NC2=NC(N)=NN12
