id,smile
1,CC1=C(C)C=C(C=C1)NC(=O)C2=C(F)C=CC(F)=C2
2,OB(O)C1=CC2C(=CC=C(F)C=2)N=C1
3,OCC(O)CN(c1sc(S)nn1)c2c(Cl)nc(Cl)nc2
4,OC(=O)COC1=C(Br)C=C(C=C1Br)/C=C2C(=O)NC(=O)N\2
5,CN[C@@H]1CN(CCCC1)C(=O)OCC2=CC=CC=C2
6,Cl.Cl.N1CCN(CC1)CC2SC3C(=CC=CC=3)N=2
7,FC1=CC=C(C=C1)CS(=O)(=O)N2C(C)CN(CC2)C(=O)OC(C)(C)C
8,COCC(C)N1C(COC2C(F)=CC=CC=2)=NN=C1S
9,OCC1CC2(CC(=O)C2)C1
10,CC(C)CN(S(=O)(C)=O)N1C(=S)SCC1=O
11,FC1=CC=C(C=C1)C(=O)[C@H]2[C@]3(C4=C(C=CC=C4)NC3=O)[C@]5([H])N(C6=C(C=C(C)C=C6)C=C5)[C@@H]2C(=O)C7=CC=CC=C7
12,Cc1ccc(cc1)S(=O)(=O)c2c(=O)nc(=S)nc2
13,N#CC1C(SC)=NC(=CC=1)C2CC2
14,NC1=CN(N=C1)CCN2C(=O)C3=C(C=CC=C3)C2=O
15,O=C(CCCCCNC(=O)CCCC[C@H]1[C@@H]2[C@H](CS1)NC(=O)N2)NCCCC[C@@H](C(=O)NCCSS(=O)(C)=O)NC(=O)C3=C(F)C(F)=C(N=[N+]=[N-])C(F)=C3F
16,CC1C=C2C(=CC=1C)N=C(C3OC=CC=3)N2
17,OCCCN(CCNC(C)=O)S(=O)(C)=O
18,CCCNC(C1C=NC=CC=1)C2C(F)=CC(F)=CC=2
19,CC1N=C(ON=1)C2C=NC(=CC=2)N3CC(CCC3)C(=O)N4CCSCC4
20,ClC1C=C(C=CC=1)C(=O)NC2=NC(=NN2)C(F)(F)F
21,CC(=O)OC[C@@H]1[C@](CC(=O)[O-])(OC(C)=O)[C@H](OC(C)=O)[C@H](O)C(F)O1
22,Br.NC1SC(=C(C)N=1)CC2C(F)=C(Cl)C=CC=2
23,COC1C=C(OC)C(=CC=1)C(=O)C2=NC=C(C)C=C2
24,BrCC(=O)NCCN1CCCCCC1
25,OC(=O)C(O)=O.C1CN(CC1)CC#CCON2C(=O)C3C(=CC=CC=3)C2=O
26,COC(=O)C(C)=P(C1=CC=CC=C1)(C2=CC=CC=C2)C3=CC=CC=C3
27,ClCCCc1ccc(OCc2ccccc2)cc1
28,CCOC(=O)C(/C#N)=N/OC(=[N+](C)C)N1CCOCC1.F[P-](F)(F)(F)(F)F
29,CCOC1C(=CC=CC=1)C(=O)N2CCOCC2
30,BrC1C=C2C(=NC=1)N=C(Cl)C(N)=C2
31,O=[N+]([O-])C1=C(N)C=C(C)C(N)=C1
32,CCOC(=O)C1C=C(C(F)=CC=1)S(=O)(=O)F
33,O=C1c2c(cccc2)CCC1Cc3sccn3
34,N#C/C=C/C1=CC(C)=C(OC2N=C(N=CC=2)NC3=CC=C(C=C3)CN4CCS(=O)(=O)CC4)C(C)=C1
35,[H]Cl.COCC(N)=N
36,NC(=[NH2+])NCCC[C@@H](NC(C)=O)C(=O)[O-]
37,CCCCCCCCCCCC(=O)NCCOC(=O)\C=C/C(O)=O
38,CCCNC(=O)C1=CC(OC)=C(C=C1)B2OC(C)(C)C(C)(C)O2
39,C(CCCCN1[C@H](CO)[C@@H](O)[C@H](O)[C@@H](O)C1)COCC(F)(F)F
40,CC(C)(C)OC(=O)N(C)CCOC1C(F)=CC(Br)=CC=1
41,CC(=O)C(C)C1C=C(Cl)C=CC=1
42,NCCCC(=O)N[C@@H](C)C(O)=O
43,CC(=C)[N+](=O)[O-]
44,NCCCSC1=C2C(C=CC(OC)=C2)=NC3C1=CC(Cl)=CC=3
45,FC(F)(F)SCC(=O)NC1CCCC1
46,CC1C=C(N)C=NC=1
47,COC(=O)CCC1C(=NNC=1)C2=CSC=C2
48,CCOC(=O)[C@@H]1CN(C)CCC1
49,Cl.C1=CC=C(C=C1)CCNCC2=CC=CC=C2
50,O=CC1OC(=CC=1)C2=C([N+](=O)[O-])C=C(Cl)C=C2
51,Clc1ccc(cc1)N(CC)c2cc(Cl)cc(Cl)c2
52,[H]Cl.CC1=C(SC=C1)C(=O)N[C@@H]2CNCC2
53,CCCCCCCCN(CCc1ccccc1)c2c(F)cc(F)cc2
54,CC(=O)NCCN(c1cc([N+](=O)[O-])ccc1)c2c(F)cccc2F
55,OCCN(C(C)(C)C)c1sc(=S)nn1
56,BrCCC(C)N(C(=O)c1ccc([N+](=O)[O-])cc1)c2nc(cs2)c3ccccc3
57,CCOC(=O)C1=C(C)C(C)=C(C)N1
58,COC(=O)C1C=NC(=CC=1)OC2=C(Cl)C=C(C=C2)C(F)(F)F
59,CCCOC1=C(C=CC=C1)C(=O)C(N)(C)C2CC2
60,CC(=O)C1C=C(C=CC=1)NC(=O)C2C(Cl)=CC(Cl)=CC=2
61,FC(F)C1=C(C=CS1)C(N)=S
62,O/N=C/C1N(C=CC=1)C2=CC=CC=C2
63,Clc1cnc(cc1)N(c2scnc2)S(=O)(=O)CC
64,OC(=O)CC[C@](C(O)=O)([H])NC(=O)C1=CC=C(C=C1)N(C)CC2=NC3C(N=C2)=NC(=N)NC=3N
65,C1=CC=C(C=C1)C(C2=CC=CC=C2)N3CC4(C(O)CC4)C3
66,NC(=O)CN(C(=O)C(C)C)c1ccc(cc1)S(=O)(N)=O
67,COC(=O)N(CCNc1c2c(cccc2)ccc1)C(=O)CCl
68,CCOC(=O)C1=NN(N=N1)C(C)(C)C
69,CCC1CC(C(O)=O)(C#N)C1
70,CCOC1=CC=C(C=C1)C(=O)C2=C(F)C=CC(Cl)=C2
71,CCCCCCCC(=O)C1=CC=C(CCOC(C)=O)C=C1
72,COC(=O)CN(Cc1ccc([N+](=O)[O-])cc1)c2nnc(cc2)c3ccc(OC)cc3
73,OC(=O)CCN(C(=O)OC)c1sccn1
74,CCC(C)CN1CCN(CC1)c2ccc(F)cc2
75,CC1=NC2(CCN(CC2)C(=O)OC(C)(C)C)C(=O)N1
76,CC(C)(C)OOC(C)(C)C1=CC(=CC(=C1)C(C)(C)OOC(C)(C)C)C(C)(C)OOC(C)(C)C
77,OCCN(C(C)C)CC1=C(Cl)C=CC=C1Cl
78,CCCCCCCCCCCCCCCCN(CCC(C)C)CCCN1CCOCC1
79,OC1CCN(CC1)S(=O)(=O)C2=C(C)C=C(Br)C=C2C
80,Cl.COC1=CC=C(C=C1)[1C@H]2[1C@H](N)C2
81,CCS(=O)(=O)N(c1ccccc1)S(=O)(=O)C=C
82,ClCCCCN(C(=O)c1ccccc1)c2ccc(OC)cc2
83,CC(C)CC(N)c1n(C)c2c(cccc2)n1
84,BrCCN(c1ccccc1)c2cc([N+](=O)[O-])ccc2
85,CC1=CC=C(C=C1)C2=NC(=S)NN2
86,Brc1ccc(cc1)N(CC(=O)c2ccccc2)c3ccccc3
87,CC1=CC(=CC(C)=C1)NC(=O)C2=CC=C(C=C2)NC3SC4C(N=3)CS(=O)(=O)C4
88,Cl.NCC1(Br)C(F)(F)C1
89,CN(C)Cc1oc(CSCCN(c2scnc2)c3c(Cl)nc(Cl)nc3)cc1
90,CCOC(=O)c1c(cccc1)N(CC)CCO
91,CC1=CC(=C(C)N1)C(=O)NC2CCCC2
92,O.O.[Na].OCCOCN1C2=C(N=C1)C(=O)N([H])C(N)=N2
93,C1=CC=C(C=C1)CNC2C3C(=CC=CC=3C(O)=O)NC(=O)N=2
94,Cl.CCN(CC)CCc1c2c(ccc(Cl)c2)nc1
95,Cl.NC1C=C(ON=1)C2SC=CC=2
96,CCC(C)NC(C1=CC=CC=C1)C(=O)C2C3=C(NC=2)C(CC)=CC=C3
97,O=CC1C(Cl)=CC(F)=NC=1
98,BrC1C=C(C(Cl)=CC=1)C(=O)C2=CC=C(O[C@@H]3COCC3)C=C2
99,OC1=CC=C(C=C1)/C=C2/C(=O)N(C3=C(OC)C=CC=C3)\C(=N\C4=C(OC)C=CC=C4)S2
100,CCCCOC(=O)CN(CCCC)Cc1ccccc1
101,Cl.CC1=CC(=CC=C1)N2C(=O)CCC2
102,CC(C)CCOC(=O)CN(c1c(C)cccc1)c2ccc(cc2)S(=O)(=O)Nc3nc(C)ccn3
103,c1ncc(cc1)c2sc(C(=O)Nc3cc(ccc3)C(F)(F)F)c(C)n2
104,BrCC1=C(C=CC=C1Br)C(O)=O
105,NCc1ccc(cc1)S(=O)(=O)N2CCCCC2
106,CCOC(=O)C1C2C(=NC=C(Br)N=2)NC=1
107,COCC1CCN(CC1)S(=O)(N)=O
108,O=C(OCC1=CC=CC=C1)NC2COCCC2
109,OCCCCN(c1ccc(cc1)c2ocnn2)C(C(F)(F)F)(F)C(F)(F)F
110,BrC1C2=C(C=CC=1)C(=CN2C)B3OC(C)(C)C(C)(C)O3
111,COC1C=C2C(=CC=1)C=C(C=C2)C(=O)C(C)(C)CCl
112,CC(=O)OCC1C(C(=O)OCC2=CC=C(OC)C=C2)=CC(=CC=1)CO[Si](C)(C)C(C)(C)C
113,ClCC(C)(C)C(=O)N(C(C)C)CC(=O)N(CCC1C2=C(C=CC=C2)NC=1)CC3=CC=C(N(C)C)C=C3
114,BrC1=CC(=CC=C1)S(=O)(=O)C(F)F
115,c1ccc(cc1)Nc2ccc(cc2)N(Cc3ccccc3)S(=O)(=O)c4ccccc4
116,OC1C=C2C(=CC=1)[C@@H](C3=CC=C(OCCN4CCCCC4)C=C3)N(CC2)C5=CC=CC=C5
117,[H]Cl.OCCN1N=C(C=C1)NCC2N(C)C=CC=2
118,COC(=O)CNC(=O)C1C=C(Cl)C=CC=1
119,COC1=CC=C(C=C1)CNC2=C(NC(=O)NCCNC(=O)OC(C)(C)C)C=NN2C
120,O\N=C\C1C=C2C(=NC=1)C=C(O2)[Si](C)(C)C
121,NCCN1C[C@H](CC1)N(C)C(C)=O
122,COC(=O)CC(C)N1C(=O)C2C(=CC=CC=2)C1=O
123,CCCCN(C(=O)CCC)c1ccc(Cl)cc1
124,O=C1C2=C(NC=N1)N(C=N2)[C@@H]3O[C@H](COP(=O)(O)OP(O)(O)=O)[C@@H](O)C3
125,CCCC1=C(C=O)C(N)=NC=N1
126,NNC(=O)C1=CC=C(C=C1)COC2C(Cl)=CC(Br)=CC=2
127,FC(F)(F)OC1=CC=C(C=C1)S(=O)(=O)NC2C(C)=C(C=CC=2)C(F)(F)F
128,CCOC(=O)C1C(=O)C2C(=CC=NC=2)C1
129,CCC1=C(C(O)=O)C(CC(C)C)=NN1
130,O[C@@H]1C[C@H](COC(C)(C)[C@H]1O)[C@H]2[C@@]3(C)[C@@](CC2)(C)C4[C@@](CC3)([H])[C@]5(C)[C@](CC=4)([H])C(C)(C)[C@H](O)CC5
131,C[C@H](O)[C@H](N)C1=CC(=CC=C1Cl)C(F)(F)F
132,ClC1=CC=C(C=C1)SC2C([N+](=O)[O-])=CC(C(O)=O)=CC=2
133,CCOC(=O)C1=CN2C(C=C1)=NC(C(=O)OCC)=C2
134,OC(=O)CCCN1C2C(=CC=CC=2)OCC1=O
135,O.O.O.C1/C=C\C=C/C=C\[C@H](C)[C@@H](O)[C@@H](C)[C@H](C)OC(=O)C[C@H](O)C[C@H](O)CC[C@@H](O)[C@H](O)C[C@H](O)C[C@@]2(O)OC(C[C@H](/C=C\C=C/C=C\C=1)O[C@H]3[C@@H](O)[C@@H](N)[C@H](O)[C@@H](C)O3)([H])[C@H](C(O)=O)[C@@H](O)C2
136,CCN1C(C2=CC=C(O)C=C2)=C(C)C3=C1C=CC(O)=C3
137,BrC1C(=CC=CC=1)C2SC3N(C=NN=3)N=2
138,COC(=O)C(C)N(c1ccc(cc1)Oc2ccccc2)S(=O)(=O)CC
139,OC(=O)CC(C)N(c1ccccc1)c2ncc(Cl)cc2
140,CC(C)(C)OC(=O)N1CC2(CN(CCC2)CC3=CC=CC=C3)C1
141,NCCC1(O)C2C(CCC1)C2
142,Cl.COc1cc(cnc1)C(O)=O
143,NCC1N(C(=O)OC(C)(C)C)C(CCC1)C(C)C
144,CC(=C)CC1=CC=C(C=C1)OC2=CC=CC=C2
145,CC(=O)N(CCc1ccccc1)c2c(C)cccc2
146,C=CCC1C(O)=C(OCC)C=C(C=1)\C=C2C(=O)N(C3=CC=CC=C3)C(=O)S\2
147,NCC1C(Cl)=NC2C(=CC=CC=2Br)C=1
148,NC1=C2N(N=C1)C(=CC=N2)C3CC3
149,Clc1ccc(cc1)CN(CCOc2cc(ccc2)C(F)(F)F)CCNc3c(Cl)cc(cn3)C(F)(F)F
150,Cl.Cl.CC1=CC(=NC=C1)OCC2CCNCC2
151,C1=CC=C(C=C1)C2(C)NC(=O)NC2
152,O=[N+]([O-])C1C=C(/C=N/NC2=C(Cl)C=C(Cl)C=C2Cl)C(O)=CC=1
153,[N-]=[N+]=NCCOCC(O)=O
154,[H]Cl.COC1C=C2C(=CC=1)OC3(CCNCC3)NC2=O
155,OC1=CC=C(C=C1)C(=O)NC2=C(C)C(Cl)=CC=C2
156,O=C1NC(=O)C(C(=O)N1)=CC2=CC3CC4(C(=O)N(C)C(=O)N(C)C4=O)C5N(CCC5)C=3C=C2
157,CCOC1C(C)=CC(Br)=C(CO)C=1
158,CCC(CC)(N)CC1=C2C(C=CC=C2)=CC=C1
159,ClCC1C2=C(C=C(O)C3C2=CC=CC=3)N(C1)C(=O)OC(C)(C)C
160,CS(=O)(=O)OCCCCOS(=O)(C)=O.CN(C)c1ccc(cc1)C(=O)Nc2sc(cn2)Sc3cc(c(OC)cc3C)C(=O)N4CCN(C(C)=O)CC4
161,CCOC(OCC)C1N=C2N(C=CC=C2C=O)C=1
162,CCCCCC(CC(=O)[O-])N1C2C(=CC=C(Cl)C=2)C(O)=C1
163,O=[N+]([O-])C1=NN(C)C(C)=C1
164,BrC1c2c(cccc2)C(Br)C1
165,CC1CN(CCC1)CC(=O)NC2SC(C)=NN=2
166,CCOC(=O)C1CN(CCC1)C(=O)C2N=C(OC=2)CN(CCC3C4=C(C=CC=C4)NC=3)CC5=C(C=CC=C5)C(F)(F)F
167,CCCCCCCCCCCCCCCCN(C(=O)CCCCCCCC)c1ccc(C(=O)OCCCC)cc1
168,CCOC(=O)CC1=CC=C(Cl)C=C1
169,N#CCC1C(C)=NN(C=1)C2CSCC2
170,CCCc1ccc(cc1)N(c2cc(SC)ccc2)c3c(cccc3)[N+](=O)[O-]
171,CCOC(=O)CN(CC)c1c(Cl)nc(Cl)nc1
172,OC(=O)CC1=C(C)C2=C(NN=C2C)OC1=O
173,C1CNC(CC1)CN2C(N)=CC(=N2)C(F)(F)F
174,C1=CC=C(C=C1)C2=CC=C(C=C2)C3=C(O)C(=C4C(CCCC4)=C3)C5=C6C(CCCC6)=CC(C7=CC=C(C=C7)C8=CC=CC=C8)=C5O
175,[Pt+4].O=[N+]([O-])[O-].O=[N+]([O-])[O-].O=[N+]([O-])[O-].O=[N+]([O-])[O-]
176,O=CC1(O)C(C)(C)CCC1
177,CC1=CC=C(C=C1)C(=O)N(C)CCC2N=C(ON=2)C3=CC=C(C(O)=O)C=C3
178,CCCCOC(=O)c1ccc(cc1)N(CCc2ccccc2)CC(=O)OCCC(C)C
179,Cl.CNC1CN(CCC1)C(=O)C2SC=CC=2
180,CCOC(=O)C1C(=CC=CC=1)NC(=O)CN2C(=CC=C2)C3=NC(=NO3)C4=CC=C(F)C=C4
181,CCOC(=O)CC(=O)N(Cc1cc(F)ccc1)c2ccc(OCC)cc2
182,COC(=O)C1C(Cl)=NC(C)=CC=1
183,OCC(O)CN(C(=O)C(C)C)c1c(O)cccc1
184,Cl.N[C@@H]1CN(CC1)C(=O)C2CCC2
185,OCC1=CC=C(C=C1)CNC2CC2
186,CCCCCCN(CCN1CCOCC1)C(C)CCBr
187,COC(OC)CN(S(=O)(=O)C=C)c1c(O)cc([N+](=O)[O-])cc1
188,COC(=O)C1C(=CC=CC=1)C(=O)C(C)(C)CC
189,CN1C2=C(C=CC=C2)\C(=N\NC3N=CC=CC=3)C1=O
190,NCCc1cc(c(OC)c(OC)c1)c2c3c(cccc3)nc2C
191,FC1=CC(=CC=C1)CSC2C3N(C=CN=2)N=C(C=3)C4=C(C)C=CC(C)=C4
192,C[Si](Cl)(C)Cl.C1=CC=C(C=C1)C(C2=CC=CC=C2)(O)C(C3=CC=CC=C3)(O)C4=CC=CC=C4
193,CC1=NN(C(C)=N1)C(=O)C2SC=CC=2
194,Cl.C1CN2C(NC1)=NN=N2
195,CCOC(=O)C1NC2=C(C=CN=C2)N=1
196,CC#CCC1(C=O)CCCC1
197,C=CCN1C(=NN=C1SCC(=O)C2C3=C(C=CC=C3)N(C)C=2)C4=CC=NC=C4
198,C1=CC=C(C=C1)C2=NCCC2
199,CCCOC(=O)CN(C(C)CC(O)=O)c1sc(=S)nn1
200,CN(C)\C=C\C1=C(C(=O)OC)C=C2C(C=CN(CC3=CC=C(OC)C=C3)C2=O)=N1
201,FC1C=C(C=CC=1)C2(C=O)CC2
202,CSCN(CC)CC
203,SCC1NN2C(=NC(C)=CC2=O)N=1
204,CN1C=C(C=N1)C(=O)NC2=CC3=C(N=CC=C3)C=C2
205,CCOC(=O)C1=C(C=CC=C1)C(C2=CC=C(O)C=C2)C3=CC=C(O)C=C3
206,COCCN1C2C3C(CCN(C(=O)CC4=CC(F)=CC=C4)CC=3C=CC=2)=C1
207,CCOC(=O)[C@H](CC1=CC=C(O)C=C1)NC(=O)C2C(O)=C3C(CC(C)OC3=O)=C(Cl)C=2
208,CC(Cl)C(=O)N1CC(C(F)(F)F)(CC1)c2nc(no2)C3CC3
209,CCN1CC2(NCC1)COCC2
210,COC(=O)[C@H]1NC(CC1)C2=CC=C(N)C=C2
211,CC1C=C2C(=CC=1Cl)C(O)CC3(CCN(CC(O)C4C5=C(C=CC=C5)NC=4C)CC3)O2
212,[Cl-].[Cu+]
213,CCCCC\C=C/C\C=C/CCCCCCCC(O)=O.CCCCC\C=C/C\C=C/CCCCCCCC(O)=O.CCCCOCC1OC1.ClCC1OC1.OC1=CC=C(C=C1)C(C)(C)C2=CC=C(O)C=C2
214,CC(=O)CC(=O)NC1SC=CN=1
215,COC1=CC=C(C=C1)CC2C=C(N)NN=2
216,CCOC(=O)CCOC1=C(Cl)C=C(C=C1)C(F)(F)F
217,O=[N+]([O-])c1cc(O)c(cc1)N(Cc2cc(F)ccc2)c3c(cccc3)[N+](=O)[O-]
218,c1ccc(cc1)Cn2c(nnn2)CN3CCNCC3
219,Cl.NOCCCCOC1=CC=CC=C1
220,OB(O)C1C=C(C=CC=1)C2=NC=CN2
221,OC(=O)CSC1C(C)=NC2=C(C=CC=C2)N=1
222,COC1C=C(NC(=O)COC2C3=C(C=CC(OC)=C3)N=C(C(=O)OC)C=2)C=C(OC)C=1
223,OCC1=C2N(C=CN(CC3=CC=C(Cl)C=C3)C2=O)N=C1C4=CC=C(F)C=C4
224,O=C1N=C(C=NN1)N/N=C/C2=CC([N+](=O)[O-])=C(O)C(OC)=C2
225,[H]Cl.NC1=CC(=CC=C1)C(N)=N
226,COC1C(OC)=CC(=CC=1)C#CC2(O)CCCC2
227,NC(=O)CN(C(=O)c1c(Br)cccc1)c2c(OC)cccc2
228,COCC(=O)N(CCO)c1cnc(Cl)cc1
229,CC(N)Cc1cc(Cl)c(OC)c(F)c1
230,C1=CC=C(C=C1)COC2=CC(=CC=C2)C3=C(N)C=CN=C3
231,Cl.OC(=O)C1(N)COCCC1
232,OCCC#CC1=NC(=CN=C1)N2CCNCC2
233,CC(C)CCOC(=O)CN(CC(=O)OC)c1ncc(Cl)cc1
234,C=CCCN1C(=O)C=C(C(O)=O)C=C1
235,CC(C)C(=O)OC(C(C)C)C(C)(C)CO
236,C1=CC=C(C=C1)N(C)CC(N)C2CC2
237,Cl.COC(=O)[C@]1(F)[C@H](CNC(=O)OC(C)(C)C)CNC1
238,CC(C)(C)OC1C(=CC(OC2CC2)=CC=1)B3OC(C)(C)C(C)(C)O3
239,CN1C(=CC=N1)C2C=C(C=CC=2)CC3NCCCC3
240,OC1N=C2C(=NC1)NC(N)=NC2=O
241,Cc1nc(nc(C)c1)NS(=O)(=O)c2ccc(cc2)N(C(=O)c3c(Br)cccc3)c4c5c6c(cc4)N=C(C)c6ccc5
242,BrCCCCOc1c(C)cccc1C
243,CCCCCCOC(=O)CCC1N=CC(CCC(=O)OCCCCCC)=NC=1
244,NCCCCC(NC(=O)C(CO)NC(=O)C(C)NC(=O)C(CCSC)NC(=O)CN)C(=O)NC(C)C(=O)NCC(=O)NC(C)C(=O)NC(C(C)CC)C(=O)NC(C)C(=O)NCC(=O)NC(CCCCN)C(=O)NC(C(C)CC)C(=O)NC(C)C(=O)NC(CCCCN)C(=O)NC(C(C)C)C(=O)NC(C)C(=O)NC(CC(C)C)C(=O)NC(CCCCN)C(=O)NC(C)C(=O)NC(CC(C)C)C(N)=O
245,COc1cc(ccc1)NC(=O)COc2c(cccc2)c3nc(no3)c4ccc(C)cc4
246,Cc1c(cccc1)\N=N\c2cc(C)c(cc2)N(CC(=O)c3ccccc3)c4ccc(cc4)c5nc(NCC6OCCC6)sc5
247,Cl.O=[N+]([O-])C1C(=CC=CC=1F)OCC2CCNCC2
248,ClC1N=NC(=CC=1)CN(C)C(=O)[C@@H](N)C(C)C
249,COC1=CC(=CC=C1)CC(=O)CC(F)(F)F
250,CCCc1ccc(cc1)N(c2ccc(C(=O)OC)cc2)S(=O)(=O)c3c(C)cc(C)cc3C
251,Cl.NC1=CC(=CC=C1)COC2=CC(F)=CC=C2
252,COC1=CC(=CC=C1)N2C(=NN=C2)SCC(=O)C3=C(C4=CC=CC=C4)NC5=C3C=CC=C5
253,CC(=O)C1C=C(C=CC=1)NC(=O)C2C=C(C)C=CC=2
254,NCC1C=C(C=C(O)C=1)C(F)(F)F
255,CCCCCCCCC(=O)N(C(CCCCCCCC)C(O)=O)c1ccc(cc1)S(=O)(N)=O
256,OCCCCCCl
257,IC1C=C2C(=CC=1)N(C=N2)C(=O)OC(C)(C)C
258,N#CC1C(C#N)=CC=C(N)C=1
259,CCCOC1=C(OC)C=C(C=C1)[C@@H](N)C(F)(F)F
260,CSCC[C@H](NC(=O)OCC1=CC=CC=C1)C(=O)N[C@@H](C)C(O)=O
261,CCOC(=O)C(/C#N)=C(\O)/C(=C/C1=CC=CC=C1)/NC(=O)C2=CC=CC=C2
262,OC1CCN(CC1)CC2=CC=C(C=C2)S(=O)(=O)N(C)C
263,NC(=O)C1C=C2C(=CC=1)C(O)=CC=N2
264,[Na+].[Na+].[Na+].[Na+].O=S([O-])(=O)C1C2=C(C=CC=C2)C(=CC=1)/N=N/C3=C(O)C4=C(C=C(S(=O)(=O)[O-])C(/N=N/C5C6=C(C=CC=C6)C(=CC=5)S(=O)(=O)[O-])=C4O)C=C3S(=O)(=O)[O-]
265,BrCCC(C)N(CC(N)=O)c1ccc(cc1)S(=O)(=O)NC(N)=O
266,CCOC1=CC=C(C=C1)OC(C)C(=O)NNC(=O)CC2=CC(OC)=C(OC)C(OC)=C2
267,S=c1sc(nn1)N(C(C)(C)C(O)=O)C(C)(C)C(O)=O
268,CCOC(=O)C(C)(C)OC1C=NC(C)=CC=1
269,O=[N+]([O-])c1ccc(cc1)N(C(=O)c2ccccc2)c3c(Cl)nc(Cl)nc3
270,Cl.ClCC1C(Br)=CC=CN=1
271,c1ccc(cc1)C(=O)CN(c2ccccc2)c3sc(S)nn3
272,O=[N+]([O-])c1sc(nc1)N(c2ccc(cc2)c3nc(NCC4OCCC4)sc3)c5c(C)cccc5
273,[Cl-].CC1=CC=[N+](C=C1)CC2=CC=CC=C2
274,[H]Cl.BrC1=CN=C(N=C1)OC2CNCCC2
275,CC(=O)C1[N+]([O-])=CC=CC=1O
276,CCCCN(CC(=O)N(CC1=CC=C(C)C=C1)CCC2C3=C(C=CC=C3)NC=2)C(=O)C(CC)CC
277,OC(=O)CCCN1C(=O)C(/SC1=S)=C\C2OC(=CC=2)C3C=C([N+](=O)[O-])C=CC=3
278,CCCCCCCCCCCCCCN(c1scnc1)c2c(Cl)nc(Cl)nc2
279,O=[N+]([O-])c1sc(nc1)N(Cc2ccccc2)c3ccccc3
280,CC(C)CC(C(O)=O)N(c1scnc1)c2ccc(cc2)S(=O)(=O)Nc3ccccc3
281,CCCCCCCCCCCCCCCC(=O)N(CCC(O)=O)c1c(OC)cccc1
282,C=CCN1C(=O)C(/NC1=O)=C\C2N(C=CC=2)C3=CC=C(Br)C=C3
283,Cl.COC1C=C(O)C=C(N)C=1
284,Cl.COCC1CNC1
285,COC1C(C(O)=O)=CC2=C(OCO2)C=1
286,NC(=O)CN(c1ccc(cc1)S(=O)(=O)Nc2n(ncc2)c3ccccc3)S(=O)(=O)c4c(C)cc(C)cc4C
287,O=C1C(CCC1)n2cc(cn2)B3OC(C)(C)C(C)(C)O3
288,CC(=O)CN1C(=O)N=NN1
289,CC(=O)C1C2C(=NC=CC=2)SC=1
290,CC(C)NC1=NC(=O)C(C(O)=O)=CN1
291,C1N=C(SC=1)NC(=O)C(C)SC2N(C)C(=NN=2)C3=C(F)C=CC=C3
292,ClCCCCN(CCCBr)C(=O)CCC
293,CCNC(=O)C1N=CC=NC=1
294,COC1C(Br)=NC=CC=1O
295,COC1=CC(=CC=C1)C(O)C2=CSC=C2
296,C#CCCC#COC#CCCC#C
297,CC(C)C[C@H]1[C@@]2([H])[C@@]3(C(=O)N1)[C@@](C=C(C)[C@H]2C)([H])[C@]4([H])[C@@](CC3=O)([H])[C@]5([H])O[C@@]4(C)CC[C@H]5O
298,CCC(=O)OC1C2C(CCC2)CC1
299,Cl.NCC1C=C(F)C(=CC=1)OCC2CC2
300,CC1=NC(=CC(N)=N1)N2C=NC=C2
301,CCCCCC(O)=O
302,O=CC1C(=NC=CC=1)N2C(C)CCC2
303,CSC1C=C(C=CN=1)N2C=CC=C2
304,CC(C)C(=O)N1[C@H](CCCC1)C(O)=O
305,ClC1=CC(O)=C(N)C(N)=C1
306,CCC1C(\C=C(\C)/C=C/C(=O)C(C)CC(C)C(C(C)C(O)CC(=O)O1)OC2C(O)C(N(C)C)C(O)C(C)O2)COC3C(OC)C(OC)C(O)C(C)O3
307,CC(=O)CC1=C(CC(O)=O)C(B(O)O)=CC=C1
308,CC(C)NC1C(=CC=CN=1)[N+](=O)[O-]
309,Cc1nc2c(cc1)oc(n2)N3C4CCN(CC4)CC3
310,COCCOCCOCCSC(C)=O
311,O=S1(=O)C[C@@]23C(C)(C)[C@@](CC3)([H])C[C@]2([H])N1
312,CCOC(=O)C(C(=O)OCC)N(c1ccccc1)c2c(OC)cccc2
313,Cl.CC(C)NC(=O)N1CC(C)NCC1
314,CCS(=O)(=O)C1=NC(=C(Cl)C=N1)C(=O)N(CC2=CC=CC=C2)C3CS(=O)(=O)CC3
315,C1C=C2C(=CC=1)N3C(NC4CC3CC4)=N2
316,Fc1cc(ccc1)CN(C(C)=O)c2c(O)cc([N+](=O)[O-])cc2
317,Cl.Cl.OC(=O)C1C(NCCN1)C(O)=O
318,NC(=O)C1=C(F)C=CC=C1O
319,OB(O)c1c(F)cc(Br)c(C)c1
320,Cl.NC1C(=O)NS(=O)(=O)C1
321,O=CC1N=C(SC=1)C2=CC=NC=C2
322,CC(=O)NCCN(C(C)CC(O)=O)c1ccc(cc1)S(=O)(=O)Nc2nc(C)cc(C)n2
323,C=CCNC(=S)NC1=CC=C(C=C1)CC2=CC=CC=C2
324,CCC(C)N1C(C=O)=C(Cl)C(C)=N1
325,CC(=O)CC1=C([N+](=O)[O-])C=CC(F)=C1F
326,FC1=C(C=CC=C1)COC2C=C(C=CC=2Cl)C(F)(F)F
327,CCCC(=O)N(CCC(C)C)c1cc(C(O)=O)c(O)cc1
328,NC(=S)NC1SC2C(N=1)=C(Cl)C=CC=2C(F)(F)F
329,BrCCC(C)N(c1ccc(F)cc1)c2c(C)cccc2
330,ClCCCCN(CC1OCCC1)C(CC(C)C)C(O)=O
331,Clc1c(F)cc(cn1)C(F)(F)F
332,OC1C=C(Cl)C=C(F)C=1
333,COC(=O)N1C2=C(CC1)C=C(OC)C(OC)=C2
334,FCC(=C)Cl
335,CC(O)C1C(Cl)=C(F)C=CC=1
336,COC1C=C(C=CC=1)C(=O)/C=C/C2=CC=C(F)C=C2
337,CC1CCN(CC1)CC(O)COC2C(CCC(C)C2)C(C)C
338,Cl.CC(C)=CCN1[C@@H]2C(C)[C@@](CC1)(C)c3c(ccc(O)c3)C2
339,OC(=O)[C@@H](CCCCNC1=CC([N+](=O)[O-])=CC([N+](=O)[O-])=C1)NC(=O)OCC2C3=C(C=CC=C3)C4=C2C=CC=C4
340,ClC1=NN=C(C=C1)C(C)NC(=O)OCC2=CC=CC=C2
341,COC(=O)CN(c1c(Br)cccc1)c2c(C)cc(\N=N\c3c(C)cccc3)cc2
342,CCCC[Sn](CCCC)(CCCC)C1=CC2=C(C=CN=C2)C=C1
343,NCCCOC1C(Br)=CC=CC=1
344,C/N=c1nc(cs\1)[C@@H]2N(CCC2)C(=O)OC(C)(C)C
345,CCOC(=O)C1CC(C)=NN1
346,N#CC1=CC(=CC=C1)NC(=O)C2=CC(=CC=C2F)S(=O)(=O)C3CS(=O)(=O)CC3
347,Cl.ClCN1CCOCC1
348,OC(=O)C(O)=O.NC1CC2(OC1)CN(CCC2)C(=O)OC(C)(C)C
349,COC1C(O)=C(OC)C=C(C=1)/C=C2C(=O)N(C(=O)N\2)C3=CC=C(Cl)C=C3
350,CSC1=CC=C(C=C1)CCC(=O)C2=CC(Br)=CC=C2
351,C#CCOC1C(C(O)=O)=C(C)C(C)=NN=1
352,BrC1=CC(=C(C)C=C1)C2C(C(O)=O)=CN(C)N=2
353,COC1C(F)=C(C=CC=1)C(C)=O
354,OC(=O)CN1C2=C(C=CC=C2F)N=C1C
355,C=CCC1(CBr)CC=CC1
356,N#CC1C(Cl)=CC(NCC2CC2)=CC=1
357,Br.COC1=CC(Br)=C(C(Br)=C1)NC2=NC(=CS2)C3N4C(N=CC=C4)=NC=3C
358,CC(=O)NC(=O)OC(C)(C)C
359,O[C@H]1[C@@H](CS(=O)(=O)C1)N(C)C2CCC2
360,OC(=O)COC1=CC(=CC=C1)C(C)=O
361,OC1CCN(CCC1)C(C)=O
362,N#CC1C(=O)C2=C(NC=1)C(F)=CC=C2
363,C1=CC=C(C=C1)COC(=O)N[C@H](C(C)C)C2=NC(C(O)=O)=C(C)O2
364,ClC1C2CC(CC2)C1
365,NCCCCCCOC1C=C(C)C(Br)=CC=1
366,CNC1C(=CC(Br)=CC=1)C(=O)C2=CC=CC=C2
367,CC1C(C)=C2C(C=CC=C2)=C(N)C=1
368,O=[N+]([O-])C1C=C2C(=CC=1)SC(=N2)N3C[C@H](O)CC3
369,CCCOC1=CC=C(C=C1)C2(N)C(C)CCCC2
370,CC(C)COC1C=C(B(O)O)C=C(F)C=1
371,OC(=O)CCN1C(COC2=CC=CC=C2)=NN=C1
372,Cc1ccc(cc1)N(S(=O)(=O)C=C)S(=O)(=O)c2c(C)cc(C)cc2C
373,OC(=O)C[C@@H](N)CC1=CC=C(I)C=C1
374,Clc1nc(C)c(Cl)cc1
375,NCCC1C=C(C=CC=1)C(=O)OC
376,Cl.COC1C(OC)=CC2=C(CC(=O)N(CCCN(C)CC3C=C(C4(OC)CCC4)C(=CC=3)C5(OC)CCC5)CC2)C=1
377,CC(C)[C@@H](C)/C=C/[C@@H](C)[C@@H]1[C@]2(C)[C@](CC1)([H])C3[C@](CC2)([H])[C@@]4(C)C(C[C@@H](O)CC4)=CC=3
378,CCCOC(=O)CN(CC(N)=O)c1ccc(cc1)S(=O)(O)=O
379,CCCCCCCCCCCCCCCCN(S(=O)(C)=O)c1c2c(cccc2)ccc1
380,[Sr+2].OC(=O)C1C(O)=C(CC2C3C(=CC=CC=3)C=C(C(O)=O)C=2O)C4C(=CC=CC=4)C=1
381,N#CC1C([N+](=O)[O-])=CC(=CN=1)C(F)(F)F
382,CN1C=C(C=C1)CNC(=O)C2(O)CC3C(=CC=CC=3)CC2
383,OCC[C@@H]1C(=CO[C@@H](OC2[C@H](O)[C@@H](O)[C@H](O)[C@@H](CO)O2)[C@@H]1C=C)C(=O)O[C@@H]3[C@H](C)[C@]4([H])[C@@](C3)([H])C(C(=O)OC)=CO[C@H]4OC5[C@H](O)[C@@H](O)[C@H](O)[C@@H](CO)O5
384,Clc1ncc(cc1)N(Cc2ccccc2)C(C)C(O)=O
385,NCCCN1CC(C)CCC1
386,CCCCCCCCCCCCCCCC(=O)N(CC)c1c(O)ccc([N+](=O)[O-])c1
387,NC(=O)NC[C@H](C(O)=O)NC(=O)OCC1C2=C(C=CC=C2)C3=C1C=CC=C3
388,Cl.C1NC[C@@H](CC1)OCC(=O)C2N=CC=NC=2
389,NNC(=O)c1cc(B(O)O)cc(Br)c1
390,NCCCCCOC1=CC=C(C=C1)OC(F)(F)F
391,CCCOC1=C(C(=O)NN)C=NN1CC(C)C
392,CCOC(=O)C1(CN)CCCCC1
393,CCCOC1=CC=C(C=C1)N2C(=O)C3C4(C(C)=O)C5=C(C=CC=C5)C(C6=C4C=CC=C6)C3C2=O
394,COC(=O)C1=C(N)C(C)=NC=N1
395,OCC(O)CN(c1ccc(Cl)cc1)S(=O)(=O)c2c(C)cc(C)cc2C
396,CCCC\C=C/CCCCCCCCCCCCO
397,OCC1=C(Cl)C=C(I)C=C1Cl
398,I.NC(=N)N(C)/N=C([H])/C1=CC=CC=C1
399,CC(=O)NC1=C(C(O)=O)C=C(C)C=C1
400,[H]Cl.CC(C)CNCC1C(C)=NN(C)C=1
401,FC1C=C(C=CC=1)C2N=C(ON=2)C3C(=O)C=CN(C4=CC(F)=CC=C4)N=3
402,NC(=O)C1C=C(C=CC=1)NC(=O)C2=CC=NC=C2
403,NC1C2C(=NC=CC=2)ON=1
404,O=C1C2C(CCSC2)=NO1
405,CCCCCCCCC(C(O)=O)N(C1CCCCC1)c2c(cccc2)C(O)=O
406,NCC1OC(C)(C)C(=O)N(CC2N=CC=CC=2)C1
407,O=C([O-])N(C(C)(C)C)C1C(N)=C(Cl)C=CC=1
408,ClCCCCN(C(=O)CC(=O)OCC)c1c(cccc1)C(O)=O
409,O[C@H]1C(=O)OCC1
410,CCOC(=O)C(CCC)C(=O)C1=CC=CC=C1
411,CC1=CC=C(C=C1)CS(=O)(=O)CC(=O)NC2=CC=CC=C2
412,CCOC(=O)CCCC(=O)C1=CC=C(OCC2=CC=CC=C2)C=C1
413,FC1=CC(=C(F)C=C1)NC(=O)CS(=O)(=O)C2SC=CC=2
414,COC(=O)C1=C(Br)C=C2C(OCO2)=C1
415,COC(=O)N(c1ccc(Cl)cc1)c2c3c(CCC3)ncn2
416,COC1=CC(=CC=C1)C(=O)C2C=C(Cl)C=C(F)C=2
417,FC(F)COC1C(Br)=CC([N+](=O)[O-])=CC=1F
418,CC(O)CCC1CCCC1
419,Cl.C1=CC=C(C=C1)COC(=O)N2C3C(=CC=CC=3)C4(CCNCC4)CC2
420,NCCC(CCO)C1CNCCC1
421,ClCC(=O)N1CCN(CC1)C2=C(C#N)C=CC=C2
422,O=C1CC(CN1)(C)C2C3=C(C=CC=C3)NC=2
423,CCC(N)Cc1c2c(ccc1)n(CC(C)CC)cc2
424,FC1N=C(C=CC=1)NC2CC(F)(F)C2
425,COCC(=O)N(C1CCCCC1)c2c(O)ccc([N+](=O)[O-])c2
426,NC1CN(CC1)C2=C3C(C=CC=C3)=CC=C2
427,Cl.Cl.ClC1=CC=C(C=C1)C(N)C2=CC=NC=C2
428,O=[N+]([O-])c1cc2c(cc1)nc(s2)N(C(=O)C(C)C)C(C)(C)C
429,CCOC(OCC)CN(c1nc(OC)nc(C)n1)c2c(Cl)nc(Cl)nc2
430,Br[Zn]C1=CC=C(C=C1)C(OC)OC
431,BrCCC(C)N(N=C(N)N)c1scnc1
432,CC(=O)CN(C(C)C(O)=O)c1ccc(O)cc1
433,CP(=O)[O-]
434,CCC(C(=O)NCC1N2C(=NN=1)C(=CC=C2)C3=NC(C)=NO3)C4=CC=CC=C4
435,C1CCCN(CCC1)C(=O)C2CCC2
436,CC1CCN(CC1)C(CN)C2C(Cl)=CC=CC=2F
437,NC1=CC(=NC=C1)OC2CNCC2
438,N#CCCN(N)C1SC2C(=CC=CC=2)N=1
439,CN(C)CC(C1SC(Br)=CC=1)C2C3=C(C=CC=C3C)NC=2
440,FC1C(C(=O)OC(=O)C2=C(C=CC=C2F)C(F)(F)F)=C(C=CC=1)C(F)(F)F
441,IC1=CC(=CC=C1)C(=O)C(F)(F)F
442,CCCCCNC(C)C
443,CC(C)=CCN(C(=O)c1ccc([N+](=O)[O-])cc1)c2ccc(cc2)S(=O)(=O)N([Na])c3nc4c(cccc4)nc3
444,Cl.NOCC1=CC=C(C=C1)N2N=CC=C2
445,OC1C=C2C(=C(O)C=1)C(=O)C3=C(C=CC=C3)O2
446,C1=CC=C(C=C1)CN2C(OCC3CC3)=C(C=N2)S(=O)(O)=O
447,C1=CC=C(C=C1)CO[C@@H](COC(=O)C2=CC=CC=C2)COS(=O)(=O)C3=CC=C(C)C=C3
448,OC(=O)CC1=CC=C(C=C1)C(=O)NC
449,NC(=O)C(=O)C1C2=C(C=CC=C2)N(C=1)C3=C(Cl)C=C(C=N3)C(F)(F)F
450,COC1=C(C=CC=C1)NC(=O)CC2N(C)C(SCC(=O)NC3C=C(C)C(C)=CC=3)=NN=2
451,O=[N+]([O-])C1C(N)=C2C(N=CC=C2)=C(C=1)C(F)(F)F
452,COCC(=O)N(CC(N)=O)c1ccc(cc1)S(=O)(=O)Nc2ncccn2
453,CCOC1C(F)=C(N=CN=1)C(O)=O
454,BrC1=CC=C(C=C1)SC2=C(CCl)C(C3=CC=CC=C3)=NN2C
455,Cl.NNC1N=C(C)C(Br)=CC=1
456,COC1=C2C(CNCC2)=C(OC)C(Cl)=C1
457,CCOC(=O)C1=C(C)N2C(N=C1)=CC(C3=CC=C(OC)C=C3)=N2
458,O.Cl.O=CC1=CC(CN(C)C)=C(OC)C=C1
459,CCOC1=CC=C(C=C1)C(=O)C2S(=O)(=O)C3C(=CC(F)=CC=3)N(C4=CC=C(C=C4)C(=O)OCC)C=2
460,ClCC(=O)N(CC(C)=O)c1cc(C)ccn1
461,C1CC(OC1)CNC2C=C(N=CC=2)C(F)(F)F
462,CC1=CC(=CC=C1)C2N(N=NC=2C(O)=O)CC3=C(F)C=CC=C3F
463,CCOP(OCC)(=O)C(=O)c1cc(ccc1)C(F)(F)F
464,CC1C=C(NN=1)C(F)(F)F
465,c1cc2c(cc1)c(cn2)CCN3C(=O)[C@@]4(C)[C@@](CC=CC4)(C)C3=O
466,COC(=O)C(C)N(CCc1c2c(cccc2)nc1)S(=O)(=O)c3ccccc3
467,COC(=O)C1=C(C)OC(C)=N1
468,C[Si](C)(C)OC(=C)C(C)(C)C
469,O=[N+]([O-])C1N(C)C(/C=N/N2C(=O)OC(CN3CCOCC3)C2)=NC=1
470,CC(O)=O.FC1=CC=C(C=C1)C2=CC(=O)NN2
471,CCOC1C(OCC2C=C(F)C=CC=2)=CC=C(C(O)=O)C=1
472,N#CC1(C(O)CC2=CC=CC=C2)C3C(=CC=CC=3)CC1
473,Cl.CCOC1C(Cl)=CC(NC(=O)CNC2=CC=CC=C2)=CC=1
474,BrCCCN(CCNC(C)=O)c1ccc(cc1)c2nc(NCC3OCCC3)sc2
475,CCOC(=O)C1(N)C=CCC1
476,CCOC1=C(C#N)C(C(C#N)=C(N)O1)c2c3c(cccc3)c(C)cc2
477,CCN1CCN(CC1)C2=CC=C(C=C2)NC3N=C(N=CN=3)N(C)C(=O)NC4=C(Cl)C(OC)=C(Cl)C(OC)=C4Cl
478,CCOC(=O)C1C2=C(CCCC2)SC=1NC(=O)C3=CC=C(Br)C=C3
479,FC1=CC=C(C=C1)N2CCN(CC2)C3=NC4C(=CSC=4C(=O)N3)C5C(Cl)=CC=CC=5
480,c1ccc(cc1)N(C(C)(C)C)c2c(O)cccc2
481,CCOC(=O)C1(CC)CN(CCC1)C(=O)OCc2ccccc2
482,CCOC(=O)\C(C#N)=C(\OC)/C=C/N(C)C
483,CCCCN(c1c(cccc1)C(O)=O)c2c(cccc2)[N+](=O)[O-]
484,COC1=C(OC)C=C2C(N=C(Cl)C=C2C)=C1
485,OC(=O)C1=C(C=C(Cl)C=C1)C2=CC(Cl)=C(F)C=C2
486,CCCCOC1=CC=C(C=C1)C(=O)C2=CC(C)=CC=N2
487,COC1=CC2C(C=C1)=C(Br)C=NC=2
488,OCCCOC(=O)C1=CC=C(N(C)C)C=C1
489,Cl.CC(=O)CCC(N)C(=O)OC
490,OC(=O)CC(C)N(C(C)(C)C)c1c(cccc1)[N+](=O)[O-]
491,Cl.OC(=O)C(N)CCC1C(=NNC=1)C(F)(F)F
492,CCCCCC(=O)N(CCC)CC(=O)N(CC1=CC=C(C)C=C1)CCC2C3=C(C=CC=C3)NC=2
493,CC(C)(C)OC(=O)N1CC(OCC1)C2=NC(=CC=C2)B3OC(C)(C)C(C)(C)O3
494,COC(=O)CN(CCO)c1cc(Br)nc(Br)c1
495,COC1=CC=C(C=C1)C2=C3C(C=CC=C3)=C(Br)C=C2
496,NNC1C(C(O)=O)=CC=C(B(O)O)C=1
497,OB(O)C1C=C(Cl)C(Cl)=CC=1
498,OCC1CN(CC1)C2=NC(C)=CC(C)=N2
499,CCOC1=CC=C(C=C1)C(O)C2=CC(Br)=CC=C2
500,CCOC1=CC=C(C=C1)C(=O)OC2C(OCC)=CC(/C=N/NC(=O)C3C=NC=CC=3)=CC=2
501,NC(=O)C1C=C(ON=1)C2OC=CC=2
502,Cl.c1ccc(cc1)COC(=O)N2CCC3(CNCC3)NC(=O)C2
503,COC(OC)CN(c1c(Br)cccc1)c2c(cccc2)[N+](=O)[O-]
504,CCCCCCCCCCCCCCCC(=O)N(Cc1cc(O)ccc1)C(C)C(O)=O
505,CCOC(=O)CC(=O)N(CCCO)S(=O)(=O)c1ccccc1
506,FC1C=C2C(=NC=1)C=CN2C
507,CCC1=CC=C(C=C1)CC[Si](OC)(OC)OC
508,Fc1cc(c(Br)cc1)C2(C(O)=O)CC2
510,OC[C@@H]1[C@@H](O)[C@H](O)[C@@H](O)[C@H](OC2=CC=C(COC(=O)CC(C(O)=O)(O)CC(=O)OCC3=CC=C(C=C3)O[C@H]4[C@H](O)[C@@H](O)[C@H](O)[C@@H](CO)O4)C=C2)O1
511,O=S(Cl)(=O)C1C=C(OC=1)C2OCCO2
512,O=[N+]([O-])c1ccc(cc1)CN(Cc2sc(Cl)nc2)C3CCCCC3
513,NC(=N)NCCC[C@H](NC(=O)[C@@H](NC(=O)[C@H](CC(C)C)NC(=O)[C@H](C)NC(=O)[C@H](CC(C)C)NC(=O)[C@H]1N(CCC1)C(=O)[C@H](CCCNC(N)=N)NC2C([N+](=O)[O-])=CC([N+](=O)[O-])=CC=2)CC3C4=C(C=CC=C4)NC=3)C(=O)N[C@@H](CO)C(O)=O
514,[NH3+]CCCO[C@@H]1CC(=C/C=C2[C@H]3[C@@](CCC\2)(C)[C@H](CC3)[C@H](C)CCCC(C)(C)O)/C(=C)CC1
515,CC1=CC=C(C=C1)CNC(=O)C2=C(N)N(CC3C=C(F)C=CC=3)N=N2
516,C\N=C1N(C)C(=O)C(=C\C2=CC(I)=C(O)C=C2)/S\1
517,CCNC(CC)C#N
518,CC(=O)NC1=CC=C(C=C1)NC2C(C)=NNC(=S)N=2
519,OC(=O)C(C1OC=CC=1)N2CC(CCC2)NC(=O)OC(C)(C)C
520,O=C1NC2C(C1)=CC(C)=C(Br)C=2
521,Cl.C(CCNC(=O)COC1C(=CC=CC=1)[C@@H](CCC2=CC(OC)=C(OC)C=C2)OC(=O)[C@H]3N(CCCC3)C(=O)[C@@H](CC)C4=CC(OC)=C(OC)C(OC)=C4)CCCC(=O)N[C@@H](C(C)(C)C)C(=O)N5[C@@H](C[C@@H](O)C5)C(=O)N[C@@H](C)C6=CC=C(C=C6)C7=C(C)N=CS7
522,C1=CC=C(C=C1)COC[C@@H]2[C@H](OCC3=CC=CC=C3)[C@H](OCC4=CC=CC=C4)C=[N+]2[O-]
523,OB(O)c1ccc(cc1)Oc2c(F)cccc2
524,OC[C@@H](N)C1=C(O)C(OC)=CC(OC)=C1
525,O=C1NC=C(C=C1)S(=O)(=O)N2CCCCCC2
526,CC(C)C1=C(O)C=CC(N)=C1
527,CCOC(=O)C1=NC2C(=CC(C)=NC=2)C(Cl)=C1
528,Cl.Cl.CN(C)CCNC(=O)C1CC2=C(C=CC=C2)CN1
529,N#Cc1ccc(cc1)NC(=O)Cn2cc(Cl)cn2
530,FC1C=C2C(=CC=1)N=CC(F)=C2
531,CCCCCCCCCCCCCCCCN(c1ccc(Cl)cc1)c2c([N+](=O)[O-])cc([N+](=O)[O-])cc2
532,CC(C)=CCN(C(C)=O)c1ccc(cc1)S(=O)(=O)NC(=O)c2ccccc2
533,COC1=C(OC)C=C(CNC(=O)CN2C(C)C3=C(CC2)C4=C(C=CC=C4)N3)C=C1
534,OC(=O)C1=C(Br)C(=NN1C)C2=CC=CC=C2
535,CC1=CC(=CC=C1)OCC2=CC(=CC=C2)C(O)=O
536,OC(=O)C(C)N(c1ncccc1)c2nc(Cl)cnc2
537,CC1=CC(=C(C)C=C1)N2C3=C(CCCCN3)C(=N2)C4=C5C(C=CC=C5)=CO4
538,NC(=O)C(N)C1=CC=C(C=C1)C(F)(F)F
539,Cl.C1CC(OC1)C2C3(CC4NC(CC4)C3)C2(F)F
540,OC1N=C(O)C(Br)=C(C)N=1
541,O=C1N[C@]2([H])C(C=C1)(C)C3([H])C(CC2)([H])[C@@]4([H])C(CC3)(C)[C@@H](C(O)=O)CC4
542,CCCCCSSC
543,CCOC(=O)C1C(=CSC=1N)C2C(Cl)=C(Cl)C=CC=2
544,C1=CC=C(C=C1)CCN2C(=NN=C2S)C3=CC(=CC=C3)S(=O)(=O)N(CC)CC
545,[H]Cl.CN(C)CC1CNCC1
546,CC(C)OC1=CC=C(C=C1)C2N=C(ON=2)C3C(=O)C=CN(C4=CC(F)=CC=C4)N=3
547,FC1C(F)C(F)C(F)C1F
548,Brc1cc(ccc1)[C@@H]2NCCCC2
549,OC(=O)CC(C)N(c1ncccc1)c2ccc(cc2)S(=O)(N)=O
550,CC(=O)NCCN(c1ccc(cc1)S(=O)(=O)NC(=O)c2ccccc2)C(C)(C)C(O)=O
551,CC1=C(Br)C2=C(C=CC=C2)C=N1
552,CC1=CC(C)=C(C=C1)OC2=CC(=C(N)C=C2)C(F)(F)F
553,COCC(S(=O)(=O)Cl)C1CC1
554,CCCCC[C@H](O)C#C[C@@H]1[C@]2([H])[C@](CC(=C\CCCC(O)=O)/C2)([H])C[C@H]1O
555,OC(=O)C1=C2N(C=N1)C(=CC(C)=N2)C(F)(F)F
556,BrC1=C(C=CC=C1)C(C2CC2)C3(N)CC3
557,NCC1=CN(C=N1)CC2=CC=C(Br)C=C2
558,COC(=O)[C@@H]1C[C@@H](CCN1)c2ccc(F)cc2
559,Clc1ccc(cc1)N(C(=O)c2c(Br)cccc2)c3c(cccc3)S(=O)(O)=O
560,FC(F)(F)OC1C=C2C(=CC=1)C(N)CO2
561,OC(=O)C[C@@](NC(=O)OC(C)(C)C)([H])CC1=CC(=CC=C1)C(F)(F)F
562,CCCOC1=CC=C(C=C1)/C=C(C#N)/C(=O)OCCN2C(=O)C3C(=CC=CC=3)C2=O
563,CNCC1=CN(N=C1)C2=NC=CN=C2
564,CC(C)(C)OC(=O)N1[C@@H](C(O)=O)CC2C(=CC(F)=CC=2)C1
565,OC(=O)[C@]1(N)C2=C(C=CC=C2)CCC1
566,CCC1=C(N)N=CS1
567,IC[C@@]12[C@](CC(C)(C)CC2)([H])C3[C@](CC1)(C)[C@]4(C)C(CC=3)([H])[C@@]5(C)[C@](CC4)([H])C(C)(C)[C@](O)([H])CC5
568,O=CC1C2C(=CC=CC=2)N(CC3=CC=C(I)C=C3)C=1
569,CCOP(OCC)(=O)C(Br)(Br)P(OCC)(=O)OCC
570,NCC1(C(C)(C)O)C2OC(CC2)C1
571,NNC(C)c1cc(F)c(OC)cc1
572,OC(=O)C1CN(CCC1)C2SCCN=2
573,CC(C)(C)OC(=O)NC1=CC(Cl)=CC(Cl)=C1
574,FC(F)OCC1CNC1
575,OC(=O)C1=CC([N+](=O)[O-])=C(C=C1)OC2=CC(Cl)=CC(Cl)=C2
576,CC(C)(C)OC(=O)N1CC(CC2CNC2)C1
577,OC(=O)c1nn(cc1)C2CN(C(=O)OC(C)(C)C)C2
578,NCCc1cc(OC)c(cc1)C(=O)OC
579,Cl.OC(C(C)(C)N)C(F)(F)F
580,OB(O)C1C=NC(=CC=1)C2=CCCCC2
581,S=C=NC(=O)COC1=C(F)C=CC=C1
582,CCOC(=O)C1=NN(C=C1)CC2=CC=CC=C2
583,C=CCN1C(=O)\C(C(=O)NC1=S)=C/C2=C(C)N(C(C)=C2)C3=CC=C(C(C)C)C=C3
584,CSC1=C(C=CC=C1)C2C=C(C(O)=O)C=C(O)C=2
585,N#CC1C(F)=CC(Cl)=CC=1
586,OC(=O)C1CN(C(C)CC1)C(=O)CC2SC=CC=2
587,CCOC(=O)CC1N=C(ON=1)C2C=C(C=CC=2)C(F)(F)F
588,COC1=CC(=CC(=C1)N2CCN(CC2)C(=O)OC(C)(C)C)B3OC(C)(C)C(C)(C)O3
589,OCC[C@@H](N)C1=CC2C(C=C1)=CC3C(=CC=CC=3)C=2
590,CCCOC(=O)CN(CCC(O)=O)CC(O)C(=O)OC
591,CCN(CC)C(C(O)=O)CC1C=C2C(OCO2)=CC=1
592,FC1C(=CC=CC=1)NC(=O)CSC2N(CC)C(=O)C3=C(N=2)C4=C(C=CC=C4)O3
593,BrCCCC1C(=CC(O)=CC=1)B(O)O
594,COC1C2C(C=C(Br)C=1)=C(C)N=C(N)N=2
595,O=[N+]([O-])C1=CC(=C(OC)C=C1)C23CC4CC(CC(C4)C3)C2
596,COC1=CC(=CC=C1)NC(=O)C2C(N)=CC=CC=2
597,CC(=O)C1=NC(=NC=C1)C(F)(F)F
598,COCC(=O)N(C(=O)CCl)c1ccc(N(C)C)cc1
599,O=[N+]([O-])C1=CC([N+](=O)[O-])=C(C=C1)N2C(C)=C(C=O)C(C)=N2
600,CNCC1C(=CC(Cl)=CC=1)C(F)(F)F
601,N#CCC1C=C(ON=1)C2=CC=C(Cl)C=C2
602,CCN(CC1=CC=CC=C1)CC2NCCC2
603,COCC(=O)N(S(=O)(C)=O)C(CC)c1ccccc1
604,c1ccc(cc1)CN(C(C)(C)C)c2c(Cl)ccc(Cl)c2
605,CC(C)CCNC(C)C(=O)c1cc2c(OCCO2)cc1
606,CC1OC(=CC=1)\C=C\C(=O)N2CCN(CC2)C3C4=C5C(CCCC5)=NN4C=CN=3
607,O=CC(C)(C)C1COCCC1
608,N#CC1C=C(C(OCC2=CC=CC=C2)=CC=1)B3OCC(C)(C)CO3
609,CCNC1C=C2C(NC=C2)=CC=1
610,COC1C(N)=C(C)C(Cl)=NC=1
611,Cl.CCCCNCC1=CC=C(OC)C=C1
612,CNC1SC(=C(C)N=1)C(=O)C2=CC=C(C)C=C2
613,N1CCC(CC1)C2C3C(=CC=CC=3)CCO2
614,NC(=O)C1C2C(=CC(Br)=C(Br)C=2)NC=1
615,CCC1C([N+](=O)[O-])=CC(Br)=NC=1
616,CC(C)(C)OC(=O)N1CC(CCC1)CNC(C)C2NC=CC=2
617,CCCC(=O)N(C(C)c1ccccc1)C(=O)c2ccccc2
618,CCOC(=O)C1=C(Cl)C2C(N=C1)=C(C=CC=2)C3=CC=CC=C3
619,OC(=O)/C=C/C(=O)N1CC2C(COC2)CC1
620,FC1=C(Cl)C(=CC=C1)C(=O)C2CC2
621,CSc1n(S(=O)(C)=O)nc(n1)c2occc2
622,SC(=N\N=C\C1C(Cl)=C(Cl)C=CC=1Cl)/NC2=CC=CC=C2
623,BrC1C=C2C(=CC=1)C3(CN2)CC3
624,OC1=NC=C(C=C1)C2=CC=C(Cl)C=C2
625,CSC1C=C(C=CC=1)C2=C(O)N=CC(C(O)=O)=C2
626,NC1=CC(=C(C)C=C1)C(=O)C(F)(F)F
627,CC(N)COCC1=CC(Cl)=CC(Cl)=C1
628,ClC1=NN=C(C=C1)NC2CC(C)(C)NC(C)(C)C2
629,C=CC1=C(B(O)O)C=C(F)C=C1
630,O=C1CSCCSC1
631,BrCCC(C)N(C(C)(C)C)c1c(C)cc(Br)c(C)c1
632,OC(=O)CC1NC(=NN=1)C2=CC=C(Cl)C=C2
633,c1ccc(cc1)C(=O)NS(=O)(=O)c2ccc(cc2)N(c3ncccc3)C(=O)c4ccccc4
634,Cl.N[C@H]1C[C@H](F)CC1
635,CCCCOC(=O)CN(C(C)C(=O)OC)c1sc(=S)nn1
636,C=CCOc1cc(ccc1)B2OC(C)(C)C(C)(C)O2
637,ClC1C=C(NCC2NCCC2)C(C)=CC=1
638,OC(=O)C1C=C(N(C)N=1)C2N(C)C(S)=NN=2
639,OCC(O)CN(C(CC(C)C)C(O)=O)c1cc(C)c(cc1)S(=O)(O)=O
640,COC(=O)C1=CC(O)=C(N(C)C)C=C1
641,CCCCCCCCC(=O)N(CC(O)CO)c1c(cccc1)C(O)=O
642,CC(C)CN1C2=C(C(C)CC2)C(O)=N1
643,Br.BrCC1=CC(N)=CC=C1
644,CNC(C(N)=O)(C)C1=CC=NC=C1
645,ClC1=CC=C(C=C1)C2=C3N(N=C2C)C4=C(C=N3)C(=O)N(CCC5C6=C(C=CC=C6)NC=5)C=C4
646,CCOC(=O)C(C(=O)OCC)N(Cc1cc(F)ccc1)C(=O)c2ccccc2
647,CCCNCC1SC=CC=1
648,OC(=O)C1=CN(N=C1)CC2=CC=C(C=C2)C(F)(F)F
649,CCN(CC)CCNC(=O)c1c(OCC=C)cc(cc1)C(F)(F)F
650,COC1=CC=C(C=C1)NC2=CN(C)N=C2
651,FC1=CC(=CC=C1)C2=NNNN2
652,OC(=O)CCC1C(CC(C)C)=NNC=1
653,CCOC(=O)C1=CC=C(C=C1)[C@H](C)N2C(=O)CC(=N2)C3=CC(Cl)=CC(Cl)=C3
654,N#CNC(=N)NS(=O)(=O)c1ccc(C)cc1.CC(N)Cc1ccccc1
655,O=C1CCC(CC1)(C#N)C2C(Cl)=CC(Cl)=CC=2
656,COCC(=O)N(CCO)c1c(C)ccc([N+](=O)[O-])c1
657,CCOC(=O)NC(CN)c1ccccc1
658,ClC1=CC=C(C=C1)C2=C(N)N(N=C2)C3=CC(Cl)=C(F)C=C3
659,OCC1CCN(CC1)C(=O)C2C(C)=CC=C(N)C=2
660,NC(=O)C1=CC(C)=NC(C)=C1
661,C1=CC=C(C=C1)NC(=O)CC2C(=O)N(CC)C(/S2)=N\S(=O)(=O)C3SC=CC=3
662,ClC1=CC=C(C=C1)C2N=C(C(O)=O)C(C(O)=O)=NC=2
663,CCCCCCCCCCCCCCN(CCCCCl)c1c(C)cc(Br)c(C)c1
664,[Tl+].O=Cl(=O)[O-]
665,N#CCC1C(Cl)(Cl)C1
666,C1CN(CC1)C2=C(F)C=C(C=C2)C=C3C(=O)C4C(=CC=CC=4)C3=O
667,COC1=CC=C(C=C1)C(=O)OC(C2=CC=CC=C2)C(=O)C3=CC=C(C)C=C3
668,[N-]=[N+]=NCCCN1CCCC1
669,NCCCC[C@H]1C(=O)N[C@H](CC2=CC=C(O)C=C2)C(=O)N[C@H](CSSC(C)(C)[C@H](NC(=O)[C@@H](N)CC(O)=O)C(=O)N[C@H](CC3=CC=CC=C3)C(=O)N[C@H](C(=O)N1)CC4C5=C(C=CC=C5)NC=4)C(=O)N[C@@H](C(C)C)C(O)=O
670,OC[C@H](N)C1=CC(F)=CC(F)=C1
671,NC1=CC2C(C=C1)=CN(C3=CC=CC=C3)N=2
672,NCC1[C@@H](O)C(O)[C@@H](N)[C@H](O1)O[C@H]2C(O)[C@@H](O)C(N)CC2N
673,C=CCCOCCC(=O)OC(C)(C)C
674,O=C(OCC1=CC=CC=C1)NCC2CNC2.OC(=O)C(F)(F)F
675,OCCCCN(CCO)c1c(C)cc(\N=N\c2c(C)cccc2)cc1
676,Cl.FC(F)CN1CCC(CC1)C(=O)OC
677,FC1C(N)=NC(=CC=1)C(F)(F)F
678,CCOC(=O)C1C(C1)C2C(Cl)=CC(=CN=2)C(F)(F)F
679,C(COCCOCCOCCOCCOCCOCCOCCOCCOCCOCCOCCOCCOCCOCCOCCOCCSC(C1=CC=CC=C1)(C2=CC=CC=C2)C3=CC=C(C=C3)OC)OCCOCCOCCOCCC(O)=O
680,O=S(F)(=O)C1C2C(=NC=NC=2)NC=1
681,CCCCCCCCCCCCCCCC(=O)N(CC(O)C(=O)OC)S(=O)(=O)c1c(C)cc(C)cc1C
682,CNC1N=CC(=CC=1)B(O)O
683,CCCCOC(=O)C(CC)C(=O)OCCCC
684,O=[N+]([O-])c1ccc(cc1)N(c2ccccc2)c3c(C)cc(Br)c(C)c3
685,NC(=O)C1CCN(CC1)C2=CC(N)=CC=C2
686,CCC(C(=O)C1=CC=C(Cl)C=C1)C2=CC=CC=C2
687,CCCc1ccc(cc1)N(CC(OC)OC)c2ccc(Cl)cc2
688,CC(=O)NC1=CC(=CC=C1)N2C(S)=NN=C2
689,ClC1=CC(=CC(=N1)N(C)S(=O)(C)=O)C(F)(F)F
690,N#CC1C(I)=CC=CC=1
691,NC1=CC=C(C=C1)S(=O)(=O)N2C(C)CCCC2C
692,[H]Cl.[H]Cl.CCN(CC)CCNCC1C(C)=NN(CCC)C=1
693,COC(=O)[C@@H]1[C@H](CNC1=O)C2C=C(F)C=CC=2
694,CCC1=C(C=CC=C1)N2CCN(CC2)S(=O)(=O)C3=C(OC)C=CC(C)=C3
695,C1=CC=C(C=C1)NCN2C3=C(C=CC=C3)N=N2
696,Cc1cc(cc(C)c1)n2nc(C(O)=O)c(=O)cc2
697,C=CC1SC=NC=1
698,O=CC1=C2N(N=CN=C2Cl)C=C1
699,O=CC1=CN=C(C=C1)OC2CCCCC2
700,BrCC1N=CC(=CC=1)C2=NC=CC=C2
701,COC1C(C(C)=O)=C(OC)C=C(Br)C=1
702,OC(=O)CNC(=O)[C@H](Cc1ccc(OC(C)(C)C)cc1)NC(=O)[C@H](Cc2ccc(OC(C)(C)C)cc2)NC(=O)OCC3c4c(cccc4)c5c3cccc5
703,CCCC(=O)N(CC(=O)c1ccccc1)c2c(cccc2)C(O)=O
704,CC1=CC(=C(C)C=C1)C2=C3N(N=C2C)C(=O)C(C(O)=O)=CN3
705,CC(C)OC(=O)CCc1ccc(OC)cc1
706,CC(C)OC1=CC=C(C=C1)C(=O)C2SC(=CC=2)C3OCCO3
707,CC(N)Cc1c2c(ccc1)cco2
708,ClC1=CC=C(C=C1)N2C(=O)\C(=C/NC3=CC4=C(C=C3)N(C)C(=O)N4C)C(=O)NC2=O
709,CC(C)C(N)C1=CC(=CC(Br)=C1)C(F)(F)F
710,COC(=O)C1=CC(NN)=C(C)C=C1
711,CN(C)CCCNC1CS(=O)(=O)C1
712,BrCCCN(C(C)CC(O)=O)S(=O)(=O)CC
713,O=C(NCCCCCCNC(=O)CCCC[C@H]1C2C(CS1)NC(=O)N2)CCSSc3ncccc3
714,CC(=O)C1=CC=C(C=C1)NC(=O)C2C(=O)OC3=C(C=C(Br)C=C3Br)C=2
715,FC1C(Br)=CC2=C(C=CN2)C=1
716,OC(=O)C1C(=CC=CC=1)C(=O)C2C(O)=C(I)C(O)=C(I)C=2
717,ClC1=CC2C(C=C1)=CC=C(\C=C\C3=CC(=CC=C3)[C@@H](C[C@H](O)C4C(=CC=CC=4)C(C)(C)O)SCC5(CC(=O)[O-])CC5)N=2
718,FC1C2=C(NCC2)C(Cl)=CC=1
719,C1=CC2=C(C=C1)C(=O)N(CCSC3C4C5=C(CCC5)SC=4N=CN=3)C2=O
720,O=C1C(=O)CCN(CC1)C2C(F)=C(F)C=CC=2
721,ClCC(=O)N(CC)C1CN(CC1)C(=O)OC(C)(C)C
722,Nc1cc2c(cc1)OCC(F)(F)C(F)(F)CO2
723,CCOC(=O)CC(=O)CN(c1c(Cl)ccc(Cl)c1)c2c(C)cc(Br)c(C)c2
724,CCOC1=CC=C(C=C1)C2C(=NON=2)NC(=O)C3=C(C)C4C(=CC=C(F)C=4)O3
725,C1[C@@H](O1)C2C[C@@H]3[C@H](CC2)O3
726,COC(=O)C(=O)CC(=O)C1=CC=C(C=C1)C2CCCCC2
727,F[B-](F)(F)F.F[B-](F)(F)F.C1CC(CC1)[PH+](CCCC[PH+](C2CCCC2)C3CCCC3)C4CCCC4
728,OC(=O)[C@H]1[C@@](OCCC1)(O)C(F)(F)F
729,Cc1ccc(cc1)[C@]23[C@@H](C(O)=O)[C@H](OC3)C2
730,OC(=O)C1=CC=C(C=C1)NC2=C(C3=CC=CC=C3)C(=O)C4=C2C=CC=C4
731,CCCCCCCCCCC(C(C)C)C(=O)[O-]
732,O[C@@H]1CN(CCC1)C2=NC3C(=CC=C([N+](=O)[O-])C=3)O2
733,OCC1N(C)N=C([N+](=O)[O-])C=1
734,OC1=CC(\C=C\C2=CC=CC=C2)=CC(O)=C1
735,OC(=O)C1=CC2=C(NC=C=C2)C=C1
736,BrC1C=NC(=CC=1)N2C(=O)CC(C)=N2
737,OCCOCCOCC/N=C(O)/CCCCC1SSCC1
738,O=[N+]([O-])C1=CC=C(C=C1)C(=O)CC(F)(F)F
739,CCOC(=O)C1C=C(OC)C(F)=CC=1
740,CC(C)(C)OC(=O)N1CC(CCC1)C2C=C(C=C(Cl)N=2)B3OC(C)(C)C(C)(C)O3
741,[H]Cl.CCOC(=O)C1C(C)NCCC1
742,CSC(F)(F)C(=O)C1OC(C)=CC=1
743,C=CCN(c1ccc(Cl)cc1)C2CN(CC2)C(=O)OC(C)(C)C
744,NC(=O)CN(c1ncccc1)c2c3c(nccn3)c(Br)cc2
745,CCCCCCCCCCOC(=O)CCCCCCCCC(=O)OCCCCCCCCCC
746,N/N=C/C(=O)NCC(=O)NN
747,N#CC1C(=O)NC2C(=CC=CC=2)N=1
748,NCCC1(CCCCCC1)N(C)C
749,CCOc1sc(c(n1)c2ccccc2)S(=O)(=O)c3ccc(Cl)cc3
750,CC(C)(C)OC(=O)[C@@H]1N(C1)C(=O)OC(C)(C)C
751,COC1C=C2C(=CC=1)C(=O)N(CC(O)=O)C=N2
752,NCC(F)(F)CN1CC(O)C1
753,C(CCCCNCC(O)c1cc(CO)c(O)cc1)COCCCCc2ccccc2.OC(=O)c1ccc(C(O)=O)cc1
754,N#CC1=C(NN=C1)NCC2C(O)=C(OC)C=CC=2
755,O=[N+]([O-])c1ccc(cc1)CN(c2cc(ccc2)[N+](=O)[O-])c3c(cccc3)S(=O)(O)=O
756,O\N=C(/C1C(N)=NON=1)N2CC3=C(C=CC=C3)C2
757,CCCCCCCCC(C(O)=O)N(C(C)CC(O)=O)c1cc(ccc1)C(F)(F)F
758,COC1=CC2=C(C=C1)N(O)C(=O)[C@@H](O)O2
759,CCCCCCCCCCCCCCCCN(CC(=O)OCCC)Cc1cc(O)ccc1
760,COC(=O)C1C=C(C(F)(F)F)C(=CC=1)C(F)(F)F
761,O=C1C(F)(F)COC1
762,OP(=O)(O)OC[C@]1([H])[C@](O)([H])[C@](O)([H])[C@](O)([H])O1
763,OC(=O)[C@H]1C(C)(C)OC(=O)C1
764,Cl.OC(=O)[C@@H]1CC(CN1)N2CCCCC2
765,OC(=O)C1C=N(=O)C(C(O)=O)=CC=1
766,CCCC(=O)N(CC(=O)OC)N1C(=S)SCC1=O
767,COC(=O)C1(CC1)C2C=C(N)C=CC=2
768,CC(C)(C)OC(=O)NC1=C(C(O)=O)C=C(C)C=C1
769,O.O.O.O.[Mg+2].O=C([O-])C1C(O)=CC=CC=1
770,O=[N+]([O-])C1=CC=C(C=C1)CN2C=C(N=C2)C(=O)NC3=CC=CC=C3
771,[Na].OS(=O)(=O)c1c(N)c2c(c(Br)c1)C(=O)c3c(cccc3)C2=O
772,CCC1=CC=C(C=C1)C2N(C3=CC=C(C(O)=O)C=C3)C4=C(CCCC4)C=2
773,OCCN(CCO)S(=O)(=O)C(F)(F)C(F)(F)C(F)(F)C(F)(F)F
774,OCCN(c1ccc(C(O)=O)cc1)S(=O)(=O)c2c(C)cc(C)cc2C
775,CCC1=C2C(=CC=C1)C(=CN2)C(=O)CN3CC(OCC3)C4=CC=C(F)C=C4
776,NC1N=C(C)C(=CC=1)OC2C=C(N=CC=2)C3=CN(C)N=C3
777,FC1C=C(C=NC=1)C2=C(F)C(C(O)=O)=NC=N2
778,O=CC1=C(NC=C1)CC(O)=O
779,CC1=CC(=NC(N)=N1)C2N=C(C=CC=2O)C3=C(F)C(N)=NC=C3
780,CC(C)C1=CC(=CC=C1)C2C=C(Br)C=CC=2
781,CNCCCCCCNC
782,CN(C)C(/C)=N/CCN1C(Br)=C(Br)C(Br)=N1
783,BrCC1C(B(O)O)=CC(=CC=1)C(=O)C(C)Br
784,O=[N+]([O-])c1ccc(cc1)COC(=O)N(CCc2ccccc2)c3ccc(cc3)S(=O)(=O)Nc4ncccc4
785,c1ccc(cc1)COC2CC(C2)(C(C)=O)O[Si](C)(C)C(C)(C)C
786,COC1=CC2=C(OCC[C@H]2N)C=C1Cl
787,OCC1C(O)CCN1
788,COC(=O)CS(=O)(=O)C1=CC=C(N)C=C1
789,COC1=CC=C(C=C1)NC(=O)CC(=O)NC(C)CC2C=C(C=CC=2)C(F)(F)F
790,CCCCCCCCC(C(O)=O)N(CCCBr)C(=O)CC(=O)OCC
791,ClCCCCN(Cc1ccc([N+](=O)[O-])cc1)c2c3c(cccc3)nc4c2cccc4
792,Cl.NC1CC(C1)CN2S(=O)(=O)CCC2
793,CSC1=C(Br)C=C(C(C)=O)C=C1
794,N#CC1=C(N=CC=N1)C(O)=O
795,Cl.CCC(C)[C@H](N)[C@@H](O)C1=C(N)C=C([N+](=O)[O-])C=C1
796,CC(C)OC1=CC(F)=C(Cl)C=C1
797,COC1=C(Cl)C=C2C(NC=C2)=N1
798,CSCC[C@H](NC(C)=O)C(=O)OC1C2=C(C=CC=C2)C=CC=1
799,O=C1c2c(NCCN1)nccc2
800,CC1=CC(=CC(C)=C1)NC(=O)CN2C3C(=C(C)N(CCC4C5C(=CC=CC=5)NC=4)C(=O)C=3)C(=O)N2C6SC7=C(C=CC=C7)N=6
801,CCOC(=O)NC1=CC=C(C)C=C1
802,CC(=O)NCCN(c1cc([N+](=O)[O-])ccc1)C(C(F)(F)F)(F)C(F)(F)F
803,BrCCN(CC=C)c1c(C)cc(Br)c(C)c1
804,CCC1=CC=C(C=C1)C#C[C@H]2[C@H](O)CCC2
805,NCCc1c(Cl)c(O)ccc1Cl
806,C1=CC=C(C=C1)C2OC3C(=CC=CC=3C)CC2
807,ClC1=CC=C(C=C1)C#CC2(O)CCCC2
808,CCOC(=O)C(C(=O)OCC)N(CCNC(C)=O)Cc1sc(Cl)nc1
809,OC(=O)[C@@H]1CC(N)CN1
810,CCCCCCC(C(O)=O)N(CC=C)CCBr
811,COC1=CC=C(C=C1)C2=C(C#N)C(N)=C(C#N)C(=C2)C3CC3
812,CC(C)c1cc2c(CCC[C@H]2N)cc1
813,CC(C)N1C=C(Br)N=N1
814,Nc1sc(nn1)SC2C(=O)OCC2
815,CC(C)OCCCNC(=O)C1N(CC(F)(F)F)N=CC=1N
816,NCC(O)C12CC(CC2)CC1
817,CCCCCCN(c1ccc(cc1)S(=O)(=O)N([Na])c2nc3c(cccc3)nc2)c4c(C)cccc4
818,OC(=O)CC(C)N(c1ccc(cc1)S(=O)(=O)Nc2ncccn2)c3c(Cl)nc(Cl)nc3
819,OC(=O)C1C(=CC=CC=1)C2C=C(F)C(F)=CC=2
820,[Na+].O=S([O-])C(F)(F)F
821,COC1C2=C(C=CC=1)C=CC(C(F)(F)F)=N2
822,OC(=O)[C@@](NC(=O)OCC1C2=C(C=CC=C2)C3=C1C=CC=C3)([H])CC4C5C(=CC=CC=5)SC=4
823,COC1=CC2=C(C=C1)CC(N3CCN(C)CC3)C4=C(C=CC(OC)=C4)S2
824,O=C(Cl)CC1=CC(=CC(=C1)C(F)(F)F)C(F)(F)F
825,CC(O)C1C=C(Cl)C=CN=1
826,CCOC(=O)C1=C(N=C(N)O1)C2CC2
827,CC1=CC(=CC=C1)CC2(CO)CCN(C(=O)OC(C)(C)C)CC2
828,COC1C(NC(=O)C2OC=CC=2)=CC(C(O)=O)=CC=1
829,NCCCC[C@@H](C(=O)NCC(=O)N[C@@H](CCC(N)=O)C(O)=O)NC(=O)[C@H](CC(N)=O)NC(=O)[C@H](CCCNC(N)=N)NC(=O)[C@H](CCC(O)=O)NC(=O)[C@H](CCCCN)NC(=O)[C@H](CCC(O)=O)NC(=O)[C@H](CCC(N)=O)NC(=O)[C@H](CCSC)NC(=O)[C@H](CCCNC(N)=N)NC(=O)[C@H](CCC(N)=O)NC(=O)[C@H](CC(C)C)NC(=O)[C@H](CCC(O)=O)NC(=O)CNC(=O)[C@H](CC1=CC=C(O)C=C1)NC(=O)[C@H]([C@@H](C)O)NC(=O)[C@H](CC2=CC=CC=C2)NC(=O)[C@H]([C@@H](C)CC)NC(=O)[C@H]3N(CCC3)C(=O)[C@H](C(C)C)NC(=O)[C@@H](N)CC4=CC=CC=C4
830,FC1=CC=C(C=C1)N2C(=O)CC(N)C2
831,O=C(OCC1=CC=CC=C1)NC(O)C(F)(F)F
832,Cc1cc(ccc1)N(C2CCCCC2)C(=O)c3c(Br)cccc3
833,NC1=C2C(=NC=N1)N(C=N2)[C@]3([H])[C@@](N)([H])[C@@](O)([H])[C@](CO)([H])O3
834,CC(O)CCNC1CCCCC1
835,O=C(NC1=C(C)C(C)=CC=C1)COC(=O)C2C3C4C(OC3=O)CC2C4
836,CC1=CC=C(C=C1)C(=O)CC2=CC(Br)=C(F)C=C2
837,[Cl-].C1=CC=C(C=C1)C2=NC(S)=C(C(=O)N2)[P+](C3=CC=CC=C3)(C4=CC=CC=C4)C5=CC=CC=C5
838,CCOC(=O)c1ccc(cc1)N(CC(OC)OC)C(C)(C)C(O)=O
839,N#CC1C(S)=NC(=O)NC=1C
840,BrC1N=CC(=NC=1)NS(=O)(=O)C2=CC=C(C)C=C2
841,FC1=CC=C(OCCNC2CCCCC2)C=C1
842,CCOC(=O)C1=CC2=C(C=C1)N(C)C(=O)CO2
843,CC(C)CC(C(O)=O)N(CC(C)=O)c1c(C=O)cc2c(OCO2)c1
844,O=C1OC=C(C=C1)[C@@H]2[C@]3(C)[C@@](CC2)(O)[C@@]4([H])[C@@](CC3)([H])[C@]5(CO)[C@](C[C@@H](O)CC5)([H])CC4
845,ClCC1=NC(=O)NN1
846,O=[N+]([O-])C(C)CNCCC1=CC=NC=C1
847,O=[N+]([O-])C1=CC=C(C=C1)OC2=CC=C(C=C2)C3=CC=C(C=C3)OC4=CC=C([N+](=O)[O-])C=C4
848,CCCc1ccc(cc1)N(CCc2ccccc2)c3cc4c(cc3)cc(cc4O)S(=O)(O)=O
849,BrC1C(=O)N(CC1)C2=C(F)C=CC=C2F
850,COC1=C(Br)C=C([N+](=O)[O-])C(C=O)=C1
851,CC(C)CC(C(O)=O)N(C(C)(C)C)c1ccc(cc1)S(=O)(=O)Nc2n(ncc2)c3ccccc3
852,CCN1C(=CC=N1)C(F)C(O)=O
853,NC(=S)NCC1C(OC)=CC=CC=1
854,OC[C@H]1O[C@H](C=C1)N2C3=C(N=C2)C(=O)N=CN3
855,CCCS(=O)(=O)C1N(C)C(=NN=1)C2C(N)=NON=2
856,OC1C2=C(N=CN=1)N(C)N=N2
857,O=C1C(C)C2C34C(O1)OC(CCC4C(C)CC2)(C)O3
858,Br[Mg]C1=C(C=CC=C1)OCC2=C(F)C=CC=C2
859,CCCCCCN(CCCC)C1CN(CC1)C(=O)OC(C)(C)C
860,COC1C(C)=CC(=CC=1)C(N)C(C)O
861,CCCOC1=C(Cl)C=C(C(C)=O)C=C1
862,CC(C)(C)OC(=O)N1CC(OCC1)C2N=C(C=NC=2)B3OC(C)(C)C(C)(C)O3
863,C1=CC=C(C=C1)CN2CC(C(O)=O)(CC2)C(F)(F)F
864,SCCC1C(Cl)=CC=CC=1
865,CC(=O)N(C)C1=NC(C)(C)CS1
866,CCCCOC(=O)CN(C(CC(C)C)C(O)=O)c1c(C)cc(C)cc1C
867,COC1C(N)=C(C(O)=O)C(C)=CC=1
868,O=C(NCC1CCNCC1)C2NC3=C(C=CC=C3)C=2
869,OC(=O)/C=C/C(O)=O.NCCc1cc(CCC)c(OC)c(OC)c1
870,CCNC(C)C(=O)NC1C(C)=CC=CC=1
871,OCC(O)CN(CCN1CCOCC1)C(=O)c2c(Br)cccc2
872,CN1CCC(CC1)NC2C3C(OCCC2)=CC(C)=CC=3
873,Cl.Cl.NCC1N(C)C2=C(C=1)C=C(C=N2)C(F)(F)F
874,CCOC1C(OCC)=CC=C(C=1)CC(=O)C2=C(NC3=CC=C(OC)C=C3)CC(C)(C)CC2=O
875,CCOC1C(\C=C\C2=NC3C(=CC=CC=3OC)C=C2)=C4C(C=CC=C4)=CC=1
876,CC(Br)C(=O)NCC1=C(OC)C=C(OC)C=C1
877,OC(=O)C(F)(F)F.N1CCN(CC1)CC2C(Br)=CC=CC=2
878,CC(=O)CN(CC(C)=O)c1cnc(Cl)cc1
879,CC(C)=CCN(CCO)c1ccc(cc1)c2ocnn2
880,ClC1C2=C(C=CN=1)C(C)(C)C(=O)N2
881,CCCS(=O)(=O)NC1=CC=C(C=C1)OC2C(Cl)=CC(Cl)=CC=2
882,[H]C(F)(F)C1=CC2=C(C=CC=C2)C=C1
883,Fc1cc(ccc1)CN(c2ccc(Cl)cc2)c3n4c(nnc4)cnc3
884,CCCCCCCCC(C(O)=O)N(c1scnc1)c2c(C)cc(\N=N\c3c(C)cccc3)cc2
885,CCOC(O)C(F)F
886,NC1=NN(C=N1)C2CC2
887,CCC(C#C)C1(OC(C)=O)CCN(C)CC1
888,BrCC1(C)CCOCC1
889,C(CN[C@@H](C)C1=C2C(C=CC=C2)=CC=C1)CC3C=C(C=CC=3)C(F)(F)F
890,COC1N=C2C(=C(N)N=1)C(=O)N(CC2)C3=CC=C(C=C3)C4(C#N)CCC4
891,Cl.CCNCC(O)(C)C(F)(F)F
892,CCCCC[C@@H](C(O)=O)NC(=O)OC(C)(C)C.C1CCC(CC1)NC2CCCCC2
893,BrC1=CC2N(C=C1)C(I)=CN=2
894,C1=CC=C(C=C1)C(=O)O[C@H]2C3(C)C(CC[C@]3(O)C(C)=O)(O)C4(O)[C@](C2)([H])C5(C)C(C[C@@H](O)CC5)=CC4
895,OCCN(Cc1ccccc1)c2c(cccc2)C(C)=O
896,OC1=C(Cl)C(=CC=C1)CC(C)(C)N
897,CC(C)CCOC(=O)CN(Cc1ccccc1)c2ncccc2
898,C1=CC2C3C(=COC=3)C=CC=2O1
899,CCOC(=O)CC(=O)CN(C(=O)OC)c1c(Cl)cc([N+](=O)[O-])cc1
900,CN(C)C1=NC(Cl)=C(Cl)N=C1
901,[Na+].[Na+].NC1C2=C(N=CN=1)N(C(Cl)=N2)[C@H]3[C@H](O)[C@H](O)[C@@H](COP([O-])(=O)[O-])O3
902,COC(=O)CC1=NC(=C(C)S1)C2C(F)=CC=CC=2
903,BrC1C(Cl)=C2C(=CC=1)NN=C2C
904,N#CC1=NC(=NC=C1)NCC2=CC=C(F)C=C2
905,O=N(=O)C1C=C(Br)C(Br)=NC=1
906,CC1=C(C=CN=C1)N2CCN(CCC2)C(=O)CC3C4C(=CC=CC=4)NC=3
907,OC(=O)CC1N=C(SC=1)NC(=O)C2C=C(O)C=CC=2
908,CCC1=CC=C(C=C1)C2C(COC)(N)C2S(=O)(=O)CC
909,CCC1=CC=C(C=C1)C2N=C(C)C(C(O)=O)=CC=2
910,OC(=O)CN(c1c(Br)cccc1)c2c3c(cccc3)ccc2
911,COC1N=CC(=CC=1)S(=O)(=O)Cl
912,C1=CN=C(C=C1)CNC2C3=C(N=CN=2)N(C4=CC=C(Cl)C=C4)C=C3C5=CC=CC=C5
913,CCCCCCCCCCCCOP(OCCCCCCCCCCCC)(=O)OCCCCCCCCCCCC
914,CCOC(=O)CC(=O)N(c1c(C)cccc1)c2c(=O)n(c3ccccc3)n(C)c2C
915,N#CC1C=C(C=CC=1)C(=O)NC2CCN(CC2)C(=O)C3=NN4C(C(=O)NC(C)=C4)=C3
916,CCOC(OCC)CN(CCC)c1cc(ccc1)C(F)(F)F
917,C1CCN(CC1)CC2C=C(C=CC=2)C(=O)C3C=C(F)C(Br)=CC=3
918,OCC1=CC(I)=C(OCC2CC2)C(Cl)=N1
919,C1CC(OC1)C2C=C(C=C(C=2)C3CC3)B4OC(C)(C)C(C)(C)O4
920,CCCCCCCCCCCCCCCCN(CC(O)=O)S(=O)(=O)CC
921,CN(C)CCN1C(=O)CNCC1
922,COC(=O)C1CC(C1)C2=CC(N([H])[H])=CC=C2
923,SC1N(C)C(=NN=1)C2=CC3=C(CCC(C3)C(C)(C)C)S2
924,OB(O)C1=CC(=NC=N1)C2=CC=CC=C2
925,BrC1=CC=C(C=C1)N2N=C(C3=CC=C(F)C=C3)C(C([H])=O)=C2
926,BrC1C=C2C(Cl)=C3C(CCC3)=NC2=CC=1
927,COC1=CC=C(C=C1)[C@]23[C@]([C@H](O)[C@H](C(=O)OC)[C@H]3C4=CC=CC=C4)(O)C5C(=CC(O[C@@H]6O[C@@](CO[C@H]6OC)([H])[C@@H](O)CO)=CC=5OC)O2
928,CC(C)C[C@@H](NC)CNC(=O)OC(C)(C)C
929,CCCCCCC(C(O)=O)N(C(C)(C)C)S(=O)(=O)C=C
930,OC(=O)C(F)(F)F.OC(=O)C(F)(F)F.NCC1N(C)CC1
931,CCCCCCCCC(=O)N(c1ccccc1)C(C(=O)OCC)C(=O)OCC
932,OC(Cl)[C@]1(Br)[C@@H](O)[C@]([C@H](O)[C@@H](O)O1)(O)C2C3C(=CC=CC=3)NC=2
933,C1CCC(CC1)B2OCCCO2
934,CC(C)CN1C(=O)C2N(C=C1)N=C(C3=CC=CC=C3)C=2
935,CC1C(C)=CC(=CC=1)C2C3=C(N=C(C)N=C3Cl)SC=2
936,C1=CC2=C(C=C1)C(=CN2)CCN3C(=O)C4C(C3=O)C5C6C(=CC=CC=6)C4C7=C5C=CC=C7
937,FC1=CC=C(C=C1)N2C(C(O)=O)=CC(=N2)C3SC=CC=3
938,OB(O)C1C=C(OC(F)(F)F)C(F)=CC=1
939,C1CCC(CC1)NC(=O)C(C2=CN=CC=C2)N(CC3=CC=CC=C3)C(=O)CC4C5=C(C=CC=C5)NC=4
940,CCC1=C(C=CC=C1)NC2N(CC)C3=C(C=CC=C3)N=2
941,O=[N+]([O-])c1ccc(cc1)CN(c2ccc(cc2)c3nc(NCC4OCCC4)sc3)c5c(=O)n(c6ccccc6)n(C)c5C
942,BrCC(=O)c1cc(C(=O)NC)c(C)cc1
943,OC(=O)CCN(c1ccc(Cl)cc1)c2c(C)cc(C)cc2C
944,C1=CC=C(C=C1)OC(=O)NC2=CC=C(C=C2)CC3=CC=C(C=C3)NC(=O)NC4=CC=C(C=C4)CC5=CC=C(NC(=O)OC6=CC=CC=C6)C=C5
945,C[C@@H]1CC2=C(CC1)C(C)=CO2
946,CCOC(OCC)CN(CC=C)CC(N)=O
947,Cl.NCCCC1(OCCO1)C(F)(F)F
948,OC1C=C(C=C(F)C=1)C2=CC=C(C=C2)C(F)(F)F
949,COC1=C(C)C=C(C=C1)C(=O)C2CCCC2
950,OC(=O)CCc1c2c(ccc(F)c2)n(C)c1
951,COC1=C(OC)C=C(C=C1)CCNC(=O)C23C(C)(C)C(CC3)(C)C(=O)O2
952,Cl.OC(=O)C1CC2(NCC1)CCC2
953,N#CC1CCN(C=O)CC1
954,CCOC(=O)C1N=C(C=CN=1)C(F)(F)F
955,CCCCC(C(O)=O)NC(=O)[C@@H](CC1=CC=CC=C1)N2C(=O)C3C(=CC=CC=3)NC2=O
956,CCOc1ccc(cc1)N(CCNC(C)=O)C(=O)OCc2ccc([N+](=O)[O-])cc2
957,CN1CC(CCC1)=C(C2SC=CC=2)C3SC=CC=3
958,C1CCC(CC1)NC2=C([N+](=O)[O-])C=C(C(OC)=C2)B3OC(C)(C)C(C)(C)O3
959,COc1c(NC)c(N)ccc1
960,OB(O)C1C(=CC(=CC=1C)C(F)(F)F)C(F)(F)F
961,CCC(CN)Oc1cc(Cl)ccc1
962,CC(=O)C1=C([N+](=O)[O-])C=C(F)C(N)=C1
963,NC(=O)C1=CC(F)=C(C=C1)C2=CC=C(C=C2)C(F)(F)F
964,c1ccc(cc1)CCN(c2ncccc2)c3cc(C)ccn3
965,COC1C(Cl)=C(Br)C(Cl)=C(OC)C=1
966,O=C1C=C(N=C(S)N1)C(F)(F)F
967,ClCCC(=O)NC1=C(\N=N\C2=C(C#N)C=C([N+](=O)[O-])C=C2)C=CC(N(CC)CC)=C1
968,OC(=O)/C=C/C(O)=O.OC1C2=C(N)C3=C(C=CC=C3)N=C2CCC1
969,COCCOC1=C(C)C=CC([N+](=O)[O-])=C1
970,CC1(C)COB(OC1)C2=CN(N=C2)S(=O)(=O)C3=CC=CC=C3
971,CCCCC(C)NCCc1cc2c(OCCO2)cc1
972,COC1N=C(N=CC=1F)NC2(CC3C=C(C)C=CC=3)CC2
973,CCOC(=O)C(C(=O)OCC)N(c1c(Br)cccc1)c2ccc(cc2)S(=O)(=O)Nc3n(ncc3)c4ccccc4
974,NCCc1c(Cl)c(ccc1Cl)c2cc3c(OCO3)cc2
975,COCCc1sc(cc1)B2OC(C)(C)C(C)(C)O2
976,CC(C)(C)OC(=O)N1CC(CCOCC2=CC=NC=C2)CCC1
977,[BH3-]CC=C(C)C.[H+]C(C)(C)C(C)(C)O
978,OC1C=C2C(C(O)=O)=C(C(C)C)N(C)C2=CC=1
979,CCN(CC)C(=O)C1=CC(=CC(N)=C1)C(F)(F)F
980,CCCCCOP(O)(O)=O
981,CCOC(=O)C1C(OC)=NC(N)=CC=1
982,O[C@@H]1C=C2C(CC1)(C)[C@]3([H])C(CC2)([H])[C@]4([H])C([C@@H](O)CC4)(C)CC3
983,CC1C=C(NC(=S)N(CCC2C3=C(C=CC(F)=C3)NC=2C)CC4C=NC=CC=4)C(C)=CC=1
984,CCOC(=O)C1C2=C(CCCCC2)SC=1NC(=O)NC3=CC=CC=C3
985,OCCC1=C(C)N(NC1=O)S(=O)(=O)C2SC=CC=2
986,Cl.ClCCN1CCOCC1
987,C=O.NC(N)=S.CC(=O)C1=CC=CC=C1
988,CC(=O)OC[C@@H]1[C@@H](OC(C)=O)[C@@H](OC(C)=O)[C@@H](O1)N2C(=O)NC(=O)C=N2
989,O=[N+]([O-])c1cc(O)c(cc1)N(C(C)(C)C)c2c(C)cccc2
990,BrC1=C(C=NC=C1)OCC2CCOCC2
991,BrC1C=C(/C=N/NC2N=C(C3=CC=CC=C3)C(=NN=2)C4=CC=CC=C4)C(O)=CC=1
992,BrCCCCCCCCCCC(=O)OC
993,CCCc1ccc(cc1)N(c2ccc(O)cc2)c3c(C)cccc3
994,CC(=O)NC1=C(C#N)C2=C(CCCCC2)S1
995,N=C1NC(=CS1)C2=CC=CC=C2
996,CCCCCCCCCCCCCCCC(=O)N(c1nnc(Cl)cc1)c2ccc(Cl)cc2
997,COC(=O)C1=C(C=CC=C1)C2C=C(C=CC=2)C(=O)N3CCCC3
998,CCOC(=O)C1=CN=C(NN)C=C1
999,c1ccc(cc1)Nc2ccc(cc2)N(c3ccccc3)C(C)(C)C
1000,CC1N=C(NC(=O)C=1)N2CCC(CC2)NC(=O)C3=C(C)N(N=C3)C4=CC=CC=C4
1001,OC(=O)CC1=C(C)N2C(=NC(N)=N2)N=C1C
